Load_MW_z1,Load_MW_z2,Load_MW_z3,raj_solarpv,raj_onshorewind,GrpWeight,SubWtAsInGenXInputs
2922.894181404924,14516.113828860416,28533.487726019514,0.0,0.44,21.0,3528.0
2638.7515111527796,14059.101142440883,28333.79305217098,0.0,0.42,21.0,3528.0
2490.7191409864527,13950.809005876255,28261.26712584788,0.0,0.37,21.0,3528.0
2428.1282730637777,13430.211945694004,28461.95530553646,0.0,0.29,21.0,3528.0
2527.478857068024,12351.26460340789,29230.928825729323,0.0,0.23,21.0,3528.0
2978.5305084473016,13717.335133466277,30743.04471427395,0.0,0.2,21.0,3528.0
4039.5947456126514,17523.45600666895,32769.796627960575,0.01,0.15,21.0,3528.0
5010.249951334137,19724.071442363,34401.1332173103,0.16,0.09,21.0,3528.0
5504.022353835241,19621.74034083863,34791.581012446986,0.36,0.06,21.0,3528.0
5757.366343046068,18445.429426228355,35391.658539832635,0.52,0.02,21.0,3528.0
5944.145440974052,16988.949864726103,35370.79491719174,0.63,0.0,21.0,3528.0
5655.035241521695,15441.067765939948,36737.858953090166,0.69,0.01,21.0,3528.0
5305.321185826749,14666.133210706828,36514.32013908061,0.7,0.01,21.0,3528.0
4643.646296358468,14160.438738125215,36015.580207379295,0.66,0.03,21.0,3528.0
4498.594443712269,14352.18536525341,35812.905016010634,0.58,0.05,21.0,3528.0
4370.432190346792,15124.139402966402,35539.69090999896,0.45,0.07,21.0,3528.0
4349.5685677059,15448.022306820245,35153.21713822244,0.27,0.11,21.0,3528.0
4699.282623400846,15857.346712917739,34047.44513825518,0.09,0.15,21.0,3528.0
5134.438181339445,16971.06675960534,33619.244121196876,0.0,0.2,21.0,3528.0
5009.256445494095,16438.54762934258,32749.926511159723,0.0,0.27,21.0,3528.0
4667.490436519488,14912.522659037359,31567.654561509196,0.0,0.34,21.0,3528.0
4168.750504818171,14190.243913326489,30429.096868820532,0.0,0.41,21.0,3528.0
3755.452075360507,15092.347216085043,29537.922130302446,0.0,0.44,21.0,3528.0
3234.855015178257,15650.697498188907,29279.610611891403,0.0,0.45,21.0,3528.0
2783.8033637989793,15049.626464963218,29237.88336660962,0.0,0.43,21.0,3528.0
2512.576269467387,14603.542342784152,29036.201681081002,0.0,0.38,21.0,3528.0
2363.550393461018,14274.691909730098,28897.110863475056,0.0,0.37,21.0,3528.0
2308.907572258682,13591.159891780882,28895.12385179497,0.0,0.37,21.0,3528.0
2395.3425803423766,12630.439744459822,29238.876872449662,0.0,0.34,21.0,3528.0
2711.2774374758797,13770.984448828569,30571.168203946607,0.0,0.29,21.0,3528.0
3395.8029612651358,17043.59268592844,32579.04350667242,0.01,0.25,21.0,3528.0
4336.652991785348,19391.24698594878,34184.54894418104,0.17,0.19,21.0,3528.0
5151.327780620167,19289.909390264445,34562.081163397175,0.37,0.21,21.0,3528.0
5596.4183969591895,17748.981832358586,35279.39237990783,0.52,0.23,21.0,3528.0
5936.1973942537115,16391.852854860583,35823.83358025111,0.62,0.26,21.0,3528.0
5830.885775209211,15841.45061947706,37492.92339152244,0.67,0.27,21.0,3528.0
5520.911953115962,14895.633059756636,36664.339520927024,0.67,0.26,21.0,3528.0
4841.353958526918,14244.886734528824,36319.59299443229,0.63,0.25,21.0,3528.0
4489.652891151887,14128.646551243855,36185.46970602656,0.53,0.28,21.0,3528.0
4210.477750099955,14382.984046294725,35577.44413192057,0.39,0.33,21.0,3528.0
4154.841423057577,14718.789020229078,35002.204250535986,0.23,0.37,21.0,3528.0
4432.029552429424,15014.853760561731,33569.56882919476,0.07,0.4,21.0,3528.0
4860.230569487725,15923.911604200584,32293.907330580234,0.0,0.4,21.0,3528.0
4750.944927083055,15758.989634753536,31556.725997268728,0.0,0.4,21.0,3528.0
4452.893175070316,14170.373796525639,30517.518888584313,0.0,0.38,21.0,3528.0
4080.3284850543923,13451.075568334896,29469.370227339514,0.0,0.35,21.0,3528.0
3659.0820088763885,14652.224128946233,29019.31208180028,0.0,0.33,21.0,3528.0
3160.3420771750725,15228.457516170862,28739.143434908307,0.0,0.32,21.0,3528.0
2724.1930133964315,14833.042191833962,29193.17560380771,0.0,0.32,21.0,3528.0
2466.8750008254337,14277.672427250225,29153.43537020601,0.0,0.3,21.0,3528.0
2350.6348175404655,13985.58171027774,29090.844502283337,0.0,0.28,21.0,3528.0
2301.953031378385,13428.224934013919,29045.14323364138,0.0,0.27,21.0,3528.0
2376.4659693815697,12479.426856773369,29452.480628058795,0.0,0.23,21.0,3528.0
2728.167036756601,13563.341728259695,30664.557752910598,0.0,0.19,21.0,3528.0
3437.530206546919,16716.72926455447,32226.348933457346,0.01,0.16,21.0,3528.0
4381.360754587258,19054.448506174384,34044.46462073505,0.16,0.17,21.0,3528.0
5287.438080705984,18204.007507098035,35096.58730534002,0.35,0.22,21.0,3528.0
5787.171518247343,16553.794306787506,35552.60648591951,0.5,0.33,21.0,3528.0
6177.61931338403,16150.430935730266,36204.346316987365,0.61,0.39,21.0,3528.0
6083.2362585799965,15875.229818038504,37160.09893510822,0.66,0.39,21.0,3528.0
5722.593638644583,15902.054475719651,36716.00182460924,0.68,0.38,21.0,3528.0
4965.542188532227,15411.262590738674,36049.35940594074,0.65,0.37,21.0,3528.0
4725.11377524195,15433.119719219609,35895.36600073416,0.56,0.36,21.0,3528.0
4507.535996272652,15658.645544909246,36105.98923882316,0.43,0.36,21.0,3528.0
4465.808750990867,15974.58040204275,35522.801310718234,0.26,0.36,21.0,3528.0
4742.996880362714,16443.515158542792,34111.0295120179,0.07,0.35,21.0,3528.0
5197.02904926212,17240.306842256847,32765.822604600406,0.0,0.36,21.0,3528.0
5043.035644055538,16357.080150459098,32194.55674657599,0.0,0.38,21.0,3528.0
4686.367047480295,14582.67872014326,31075.869170688176,0.0,0.44,21.0,3528.0
4215.445279300167,13920.010324834939,29994.934816721976,0.0,0.49,21.0,3528.0
3824.003978323437,15018.8277839219,29551.83121206304,0.0,0.49,21.0,3528.0
3274.5952487799555,15656.658533229162,29136.54577092529,0.0,0.45,21.0,3528.0
2814.6020448402955,15210.574411050096,29446.519593018536,0.0,0.4,21.0,3528.0
2552.3165030690857,14755.54873631065,29125.617206684823,0.0,0.34,21.0,3528.0
2418.193214663353,14360.13341197375,28769.94211594962,0.0,0.25,21.0,3528.0
2383.420510261867,13766.016919628357,28939.831614596882,0.0,0.18,21.0,3528.0
2489.7256351464102,12903.653850471499,29300.474234532296,0.0,0.15,21.0,3528.0
3035.160341329722,14042.211543160161,30866.239438439217,0.0,0.13,21.0,3528.0
4302.873793223904,17672.481882675318,33034.06918141187,0.01,0.1,21.0,3528.0
5237.762788703861,19649.55850435982,35278.39887406779,0.16,0.08,21.0,3528.0
5651.061218161525,18586.507255514385,36412.98254339628,0.35,0.05,21.0,3528.0
5908.379230732523,17607.90400307256,36687.190155248005,0.49,0.04,21.0,3528.0
6111.054422101185,17442.98203362551,36993.189953981084,0.58,0.05,21.0,3528.0
5845.788362809848,15796.74285667515,38028.42303930533,0.64,0.07,21.0,3528.0
5497.067812954943,16253.755543094681,37487.955862322226,0.65,0.08,21.0,3528.0
4840.360452686876,15653.678015709034,36842.17706629463,0.61,0.09,21.0,3528.0
4731.074810282205,15749.054576353112,36829.261490374076,0.5,0.09,21.0,3528.0
4663.516413159317,16123.60627804912,36552.07336100223,0.37,0.1,21.0,3528.0
4657.555378119063,15978.55442540292,36476.566917159,0.23,0.14,21.0,3528.0
4945.672071731377,16819.060366078844,35009.15879141628,0.06,0.2,21.0,3528.0
5399.704240630782,17799.650630200755,33788.1401140041,0.0,0.33,21.0,3528.0
5378.84061798989,16788.261685037527,33297.34822902312,0.0,0.42,21.0,3528.0
5007.26943381401,14912.522659037359,31731.5830251162,0.0,0.43,21.0,3528.0
4375.399719547004,14082.945282601902,30984.46663340427,0.0,0.42,21.0,3528.0
3909.445480567089,15294.028901613663,30053.551661284484,0.0,0.4,21.0,3528.0
3295.458871420847,16047.10632836585,29518.052013501594,0.0,0.4,21.0,3528.0
2827.5176207608474,15322.840570974895,29487.253332460277,0.0,0.39,21.0,3528.0
2569.206102349807,14850.925296954725,29424.662464537603,0.0,0.33,21.0,3528.0
2448.9918957046693,14610.49688366445,29434.597522938027,0.0,0.25,21.0,3528.0
2417.1997088233106,14045.192060680289,29303.454752052425,0.0,0.19,21.0,3528.0
2524.4983395478966,13002.010928635704,29865.779057516458,0.0,0.15,21.0,3528.0
3055.0304581305713,14124.672527883686,31068.914629807878,0.0,0.13,21.0,3528.0
4411.165929788533,17786.7350542802,33071.822403333485,0.01,0.13,21.0,3528.0
5380.827629669975,18842.83176224534,34858.14590372983,0.16,0.16,21.0,3528.0
5842.807845289721,17169.767927613833,35699.645350245795,0.36,0.14,21.0,3528.0
6043.496024978298,17405.228811703895,36182.489188506435,0.52,0.1,21.0,3528.0
6238.22316962662,17174.735456814044,36310.65144187191,0.62,0.07,21.0,3528.0
5976.931133695452,15887.151888119013,37402.514360078574,0.68,0.07,21.0,3528.0
5685.833922563012,16001.405059723897,37134.26778326711,0.69,0.07,21.0,3528.0
5201.996578462332,15500.678116342495,36273.89172579034,0.65,0.09,21.0,3528.0
4971.503223572481,14967.165480239693,36315.61897107212,0.57,0.09,21.0,3528.0
4896.990285569296,15462.924894420883,36145.729472424864,0.45,0.09,21.0,3528.0
4901.957814769508,16300.450317576679,35675.80121008478,0.27,0.11,21.0,3528.0
5146.360251419955,16983.982335525892,34812.44463508788,0.08,0.15,21.0,3528.0
5421.561369111716,17973.514152208183,34057.380196655606,0.0,0.3,21.0,3528.0
5318.2367617473,17200.56660865515,33505.98445543204,0.0,0.47,21.0,3528.0
5018.197998054477,15241.373092091413,31641.17399367234,0.0,0.56,21.0,3528.0
4467.795762670953,14335.295765972687,30436.05140970083,0.0,0.59,21.0,3528.0
3970.049336809679,15354.632757856254,29485.266320780192,0.0,0.58,21.0,3528.0
3367.984797743947,15892.119417319225,28708.34475386699,0.0,0.54,21.0,3528.0
2893.08900620365,15328.80160601515,28680.5265903458,0.0,0.45,21.0,3528.0
2656.634616273544,14868.80840207549,28492.753986577773,0.0,0.33,21.0,3528.0
2530.459374588151,14579.698202623133,28326.838511290684,0.0,0.26,21.0,3528.0
2503.634716907005,13999.490792038336,28149.994471763126,0.0,0.22,21.0,3528.0
2598.0177717110387,12599.641063418507,28586.143535541767,0.0,0.18,21.0,3528.0
3076.8875866115054,13757.075367067975,30273.116451933867,0.0,0.15,21.0,3528.0
4290.951723143395,17508.55341906831,32617.790234434076,0.01,0.12,21.0,3528.0
5280.483539825686,19368.3963516278,34817.412164288085,0.16,0.11,21.0,3528.0
5708.684556883988,18822.961645444488,35932.12571681573,0.35,0.09,21.0,3528.0
5925.268830013245,18103.663417253745,35965.90491537718,0.5,0.04,21.0,3528.0
6100.1258578607185,17054.521250168906,36160.6320600255,0.61,0.02,21.0,3528.0
5961.035040254774,16220.969850373282,37074.657432864566,0.64,0.02,21.0,3528.0
5601.385926159402,15892.119417319225,36968.35230798002,0.66,0.03,21.0,3528.0
5180.139449981398,15225.476998650734,36301.709889311525,0.62,0.03,21.0,3528.0
5016.210986374392,14915.503176557486,36019.55423073947,0.55,0.04,21.0,3528.0
4890.035744688999,15322.840570974895,35865.560825532884,0.43,0.05,21.0,3528.0
4850.295511087301,15750.048082193154,35572.47660272036,0.25,0.07,21.0,3528.0
5050.983690775878,16080.885526927294,34684.2823817224,0.06,0.1,21.0,3528.0
5432.4899333521835,17111.151083051325,33682.8284949596,0.0,0.19,21.0,3528.0
5314.26273838713,16555.78131846759,33120.504189495565,0.0,0.29,21.0,3528.0
4911.892873169933,14888.678518876339,31459.362424944567,0.0,0.35,21.0,3528.0
4386.32828378747,14000.484297878378,30194.62949057051,0.0,0.4,21.0,3528.0
3949.1857141687874,15092.347216085043,29321.33785717319,0.0,0.44,21.0,3528.0
3354.0757159833524,15391.392473937825,28801.73430283098,0.0,0.47,21.0,3528.0
2849.3747492417815,14821.12012175345,28616.942216583084,0.0,0.47,21.0,3528.0
2570.1996081898496,14464.451525178207,28509.643585858495,0.0,0.43,21.0,3528.0
2449.9854015447117,14271.71139220997,28649.72790930448,0.0,0.35,21.0,3528.0
2404.2841329027588,13713.361110106107,28625.883769143464,0.0,0.25,21.0,3528.0
2491.712646826495,13046.718691437614,28847.43557147293,0.0,0.15,21.0,3528.0
3004.361660288406,14140.568621324364,30424.129339620322,0.0,0.08,21.0,3528.0
4207.497232579827,17771.832466679563,32619.77724611416,0.01,0.04,21.0,3528.0
5311.282220867003,19884.02588260984,34809.464117567746,0.15,0.02,21.0,3528.0
5863.671467930612,19609.818270758118,35241.63915798622,0.34,0.0,21.0,3528.0
6198.482936024921,18887.53952504725,35780.11932328923,0.5,0.01,21.0,3528.0
6426.989279234688,17184.670515214468,36187.45671770664,0.61,0.01,21.0,3528.0
6235.242652106493,16373.96974973982,37230.63784975123,0.67,0.0,21.0,3528.0
5879.567561371291,15820.58699683617,36928.61207437832,0.68,0.0,21.0,3528.0
5137.418698859572,15094.334227765128,35942.06077521616,0.63,0.0,21.0,3528.0
4965.542188532227,14879.736966315957,35575.457120240484,0.52,0.0,21.0,3528.0
4824.464359246196,15542.40536162428,34643.54864228066,0.37,0.0,21.0,3528.0
4801.61372492522,16190.171169331965,35316.152095989404,0.19,0.0,21.0,3528.0
5098.671971097916,16198.119216052304,34145.80221641938,0.05,0.0,21.0,3528.0
5488.1262603945615,16655.131902471836,33542.74417151361,0.0,0.01,21.0,3528.0
5342.080901908319,15570.223525145468,32912.86146892669,0.0,0.04,21.0,3528.0
4979.4512702928205,14013.39987379893,31277.550856216796,0.0,0.15,21.0,3528.0
4403.217883068192,13438.159992414345,30089.31787152601,0.0,0.28,21.0,3528.0
3939.250655768363,14618.444930384789,29477.318274059853,0.0,0.36,21.0,3528.0
3371.958821104117,15203.6198701698,28903.07189851531,0.0,0.37,21.0,3528.0
8639.526785009251,15727.197447872177,33790.12712568419,0.0,0.29,14.0,2352.0
8250.072495712606,15231.438033690989,32948.62767916822,0.0,0.32,14.0,2352.0
7855.650677215749,14752.568218790522,32126.00484361306,0.0,0.39,14.0,2352.0
7499.9755864805475,13947.828488356126,31885.576430322784,0.0,0.47,14.0,2352.0
7188.014752707214,13103.348524320034,31656.076581272973,0.0,0.54,14.0,2352.0
6700.2033852463655,13951.802511716298,32196.543758256073,0.0,0.61,14.0,2352.0
6343.5347886711215,14884.70449551617,32421.07607810567,0.01,0.68,14.0,2352.0
6260.080298107555,15214.548434410266,32518.43965042983,0.16,0.56,14.0,2352.0
6278.956909068362,14789.327934872093,33173.159999017815,0.35,0.34,14.0,2352.0
6694.24235020611,13959.750558436637,33495.05589119157,0.54,0.29,14.0,2352.0
7271.469243270781,13802.776635709928,33907.360814809195,0.69,0.15,14.0,2352.0
7664.897555927596,13751.11433202772,34547.17857579654,0.75,0.09,14.0,2352.0
7890.4233816172355,13820.659740830692,34784.62647156669,0.68,0.08,14.0,2352.0
7932.150626899019,13619.971561142114,34497.503283794416,0.5,0.1,14.0,2352.0
8353.397103077023,13371.5951011315,34766.743366445924,0.61,0.09,14.0,2352.0
8680.260524450992,12758.6019978253,34438.88643923191,0.44,0.08,14.0,2352.0
8503.416484923435,12665.212448861308,33809.00373664499,0.16,0.08,14.0,2352.0
7717.553365449847,12562.881347336936,33055.926309892806,0.03,0.1,14.0,2352.0
7225.767974628828,12493.335938533963,32296.887848100363,0.0,0.2,14.0,2352.0
7093.63169790318,13205.679625844408,33170.17948149769,0.0,0.37,14.0,2352.0
7134.365437344922,14764.490288871031,33822.91281840558,0.0,0.41,14.0,2352.0
7320.151029432862,14507.172276300034,33726.542751921465,0.0,0.43,14.0,2352.0
7904.332463377829,14550.886533261903,33483.13382111106,0.0,0.47,14.0,2352.0
8468.643780521948,14584.665731823345,33588.44544015556,0.0,0.42,14.0,2352.0
8362.338655637404,13430.211945694004,33126.465224535816,0.0,0.3,14.0,2352.0
7718.546871289889,11459.09635904976,32605.868164353567,0.0,0.19,14.0,2352.0
7237.690044709338,10999.103155110099,31937.23873400499,0.0,0.24,14.0,2352.0
6829.359144451885,10708.9994498177,31534.868868787795,0.0,0.3,14.0,2352.0
6514.4177931584245,11009.038213510525,31389.817016141595,0.0,0.35,14.0,2352.0
6061.379130099062,12138.654353638804,31547.784444708344,0.0,0.36,14.0,2352.0
5721.60013280454,13493.796319456722,32175.68013561518,0.01,0.38,14.0,2352.0
5599.398914479317,14301.516567411243,32101.167197611998,0.14,0.28,14.0,2352.0
5575.554774318298,13919.016818994896,31781.258317118325,0.36,0.19,14.0,2352.0
5756.372837206026,13388.48470041222,31671.972674713652,0.53,0.13,14.0,2352.0
6127.944021381907,13064.601796558378,32306.822906500787,0.66,0.07,14.0,2352.0
6425.002267554603,12715.881246703475,32697.270701637473,0.71,0.06,14.0,2352.0
6681.326774285559,12788.407173026573,33042.01722813221,0.69,0.05,14.0,2352.0
6711.131949486832,12841.062982548825,32738.004441079214,0.61,0.04,14.0,2352.0
7186.027741027129,12894.712297911117,32806.55634404215,0.5,0.02,14.0,2352.0
7383.735403195579,13214.62117840479,32717.140818438325,0.36,0.01,14.0,2352.0
7408.573049196641,13308.01072736878,31885.576430322784,0.18,0.0,14.0,2352.0
7109.5277913438595,12963.264200874048,31253.706716055778,0.04,0.0,14.0,2352.0
6740.937124688106,12455.582716612349,30915.914730441338,0.0,0.05,14.0,2352.0
6711.131949486832,12995.056387755407,31852.790737601383,0.0,0.23,14.0,2352.0
7027.066806620335,14711.834479348781,32673.426561476455,0.0,0.38,14.0,2352.0
7356.910745514433,14889.672024716381,32890.01083460571,0.0,0.46,14.0,2352.0
8112.968689786747,15431.132707539524,32816.49140244257,0.0,0.48,14.0,2352.0
8596.806033887426,15976.567413722834,32632.692822034714,0.0,0.49,14.0,2352.0
8414.000959319612,15904.041487399736,32241.251521057984,0.0,0.49,14.0,2352.0
8025.54017586301,15451.002824340372,31705.751873275098,0.0,0.47,14.0,2352.0
7608.267723045175,14799.262993272518,31452.40788406427,0.0,0.46,14.0,2352.0
7196.956305267597,14065.062177481137,30992.41468012461,0.0,0.46,14.0,2352.0
6877.047424773924,13376.562630331711,31009.304279405333,0.0,0.47,14.0,2352.0
6409.106174113924,14191.237419166531,31526.920822067455,0.0,0.51,14.0,2352.0
6083.2362585799965,15153.944578167677,32120.043808572806,0.01,0.52,14.0,2352.0
6086.216776100124,15428.152190019397,32347.556645942528,0.16,0.34,14.0,2352.0
6277.963403228318,15040.684912402836,32905.90692804639,0.38,0.24,14.0,2352.0
6890.956506534518,14354.172376933495,33445.38059918945,0.56,0.19,14.0,2352.0
7688.741696088615,13820.659740830692,34236.21124786325,0.69,0.11,14.0,2352.0
8025.54017586301,13516.6469537777,34714.087556923674,0.74,0.09,14.0,2352.0
8245.104966512394,13521.614482977911,34574.99673931773,0.76,0.11,14.0,2352.0
8180.527086909634,13187.796520723643,33843.77644104647,0.72,0.12,14.0,2352.0
8732.916333973242,13548.439140659057,33416.568929828216,0.63,0.14,14.0,2352.0
9006.13043998492,13852.45192771205,33478.16629191085,0.49,0.15,14.0,2352.0
8874.987669099315,13658.71828890377,33251.64696038117,0.29,0.16,14.0,2352.0
8449.76716956114,13220.582213445045,32617.790234434076,0.08,0.19,14.0,2352.0
7852.670159695622,12498.303467734175,32506.517580349322,0.0,0.29,14.0,2352.0
7516.8651857612695,13140.108240401605,33163.22494061739,0.0,0.38,14.0,2352.0
7737.423482250696,14761.509771350904,33149.3158588568,0.0,0.47,14.0,2352.0
7973.877872180802,14574.73067342292,31619.316865191402,0.0,0.52,14.0,2352.0
8678.273512770907,15494.71708130224,30702.31097483221,0.0,0.54,14.0,2352.0
9096.539471428785,16216.99582701311,30783.77845371569,0.0,0.54,14.0,2352.0
8971.357735583433,15906.02849907982,30866.239438439217,0.0,0.54,14.0,2352.0
8576.935917086577,15499.684610502452,30146.941210248475,0.0,0.55,14.0,2352.0
8152.708923388445,14847.944779434598,29219.006755648814,0.0,0.54,14.0,2352.0
7739.410493930781,14172.360808205724,29057.065303721894,0.0,0.52,14.0,2352.0
7320.151029432862,13396.432747132561,28830.545972192213,0.0,0.5,14.0,2352.0
6810.482533491078,13799.7961181898,30264.174899373484,0.0,0.52,14.0,2352.0
6450.833419395707,14488.295665339227,30803.64857051654,0.01,0.58,14.0,2352.0
6415.067209154178,14629.373494625257,30962.609504923334,0.19,0.44,14.0,2352.0
6471.697042036599,13792.841577309504,31522.946798707286,0.41,0.24,14.0,2352.0
7006.203183979444,13120.238123600757,32097.193174251828,0.59,0.22,14.0,2352.0
7763.2546340918,12812.251313187593,32655.543456355692,0.71,0.12,14.0,2352.0
8194.436168670229,12735.751363504323,33277.47811222227,0.77,0.06,14.0,2352.0
8570.974882046321,12882.790227830608,33330.13392174452,0.78,0.04,14.0,2352.0
8548.124247725345,13419.283381453537,33089.705508454244,0.74,0.04,14.0,2352.0
9146.214763430908,13914.049289794684,33474.19226855068,0.65,0.06,14.0,2352.0
9470.09766728475,14479.354112778845,33716.607693521044,0.51,0.09,14.0,2352.0
9331.006849678804,14591.620272703643,33268.53655966189,0.31,0.1,14.0,2352.0
8857.104563978552,14129.640057083898,33239.72489030066,0.09,0.13,14.0,2352.0
8201.390709550526,12894.712297911117,33396.69881302737,0.0,0.21,14.0,2352.0
7901.351945857702,13473.926202655874,33979.88674113229,0.0,0.3,14.0,2352.0
8096.079090506025,15105.262792005597,34212.36710770223,0.0,0.39,14.0,2352.0
8457.715216281482,15405.30155569842,33699.71809424032,0.0,0.47,14.0,2352.0
9184.961491192564,16591.547528709118,33189.05609245849,0.0,0.48,14.0,2352.0
9379.688635840886,16865.75514056084,33025.127628851485,0.0,0.47,14.0,2352.0
9202.844596313327,16714.742252874385,32083.284092491234,0.0,0.49,14.0,2352.0
8830.279906297405,16272.632154055489,31310.336548938198,0.0,0.52,14.0,2352.0
8413.00745347957,15780.846763234471,30760.927819394714,0.0,0.52,14.0,2352.0
7984.806436421269,15171.82768328844,30773.843395315267,0.0,0.53,14.0,2352.0
7674.832614328021,14370.068470374174,30542.356534585375,0.0,0.56,14.0,2352.0
7152.248542465685,15220.50946945052,31410.680638782487,0.0,0.57,14.0,2352.0
6651.521599084284,15983.521954603133,32595.933105953143,0.01,0.54,14.0,2352.0
6561.112567640421,16257.729566454853,33036.05619309196,0.08,0.35,14.0,2352.0
6677.352750925389,15432.126213379566,33445.38059918945,0.18,0.15,14.0,2352.0
7380.754885675452,14589.633261023559,34030.55553897446,0.36,0.18,14.0,2352.0
8066.2739153047505,13953.789523396383,34942.59390013344,0.59,0.12,14.0,2352.0
8581.90344628679,14295.555532370989,34896.892631491486,0.73,0.09,14.0,2352.0
8927.643478621565,14495.250206219524,34823.37319932834,0.77,0.08,14.0,2352.0
9061.766767027299,14502.20474709982,34606.788926199086,0.73,0.07,14.0,2352.0
9597.266414810185,14560.821591662327,34889.93809061119,0.63,0.06,14.0,2352.0
9464.136632244496,13850.464916031966,35093.606787819896,0.49,0.06,14.0,2352.0
8966.390206383221,12760.589009505386,34795.555035807156,0.3,0.05,14.0,2352.0
8409.0334301194,11812.784438104876,33702.69861176045,0.09,0.07,14.0,2352.0
7809.949408573795,11250.460132640843,33362.91961446592,0.0,0.15,14.0,2352.0
7456.261329518679,11841.596107466108,34690.243416762656,0.0,0.22,14.0,2352.0
7570.514501123562,12901.666838791414,34938.61987677327,0.0,0.26,14.0,2352.0
7610.25473472526,12940.41356655307,34481.60719035374,0.0,0.25,14.0,2352.0
8414.000959319612,13970.679122677104,33895.438744728686,0.0,0.21,14.0,2352.0
8937.578537021991,14856.88633199498,33347.02352102524,0.0,0.16,14.0,2352.0
8764.708520854601,15027.769336482284,32453.861770827072,0.0,0.11,14.0,2352.0
8380.22176075817,14552.873544941987,31831.92711496049,0.0,0.07,14.0,2352.0
7976.858389700929,14039.231025640034,31268.609303656413,0.0,0.05,14.0,2352.0
7575.482030323775,13548.439140659057,30794.70701795616,0.0,0.06,14.0,2352.0
7268.488725750653,12808.277289827423,30770.86287779514,0.0,0.08,14.0,2352.0
6836.313685332183,13153.023816322157,31570.63507902932,0.0,0.11,14.0,2352.0
6405.132150753754,13902.127219714173,32930.74457404745,0.01,0.15,14.0,2352.0
6284.917944108616,14132.620574604025,32642.62788043514,0.18,0.14,14.0,2352.0
6468.7165245164715,13442.134015774514,32518.43965042983,0.4,0.02,14.0,2352.0
7068.794051902119,12737.738375184408,33210.91322093943,0.57,0.0,14.0,2352.0
7812.929926093923,12470.485304212985,33852.71799360686,0.68,0.01,14.0,2352.0
8129.858289067469,12645.34233206046,34471.67213195331,0.74,0.03,14.0,2352.0
8438.838605320674,13316.952279929164,34325.62677346707,0.75,0.04,14.0,2352.0
8489.50740316284,13883.250608753367,33946.10754257085,0.71,0.05,14.0,2352.0
9058.786249507171,14170.373796525639,33727.53625776151,0.62,0.05,14.0,2352.0
9499.902842486024,14815.159086713196,33332.12093342461,0.48,0.04,14.0,2352.0
9424.396398642797,14992.996632080798,33123.48470701569,0.29,0.03,14.0,2352.0
8955.461642142754,14535.983945661264,32198.53076993616,0.08,0.03,14.0,2352.0
8272.923130033583,13553.40666985927,33362.91961446592,0.0,0.02,14.0,2352.0
8127.871277387383,13921.003830674981,34690.243416762656,0.0,0.01,14.0,2352.0
8322.598422035706,15501.671622182539,34938.61987677327,0.0,0.01,14.0,2352.0
8531.234648444623,15268.19774977256,34481.60719035374,0.0,0.02,14.0,2352.0
9245.565347435153,15337.743158575531,33895.438744728686,0.0,0.03,14.0,2352.0
9657.870271052776,15944.775226841477,33347.02352102524,0.0,0.09,14.0,2352.0
9466.12364392458,15004.918702161307,32453.861770827072,0.0,0.13,14.0,2352.0
9064.747284547426,15274.158784812815,31831.92711496049,0.0,0.13,14.0,2352.0
8135.819324107723,14904.57461231702,31268.609303656413,0.0,0.12,14.0,2352.0
6615.755388842756,13991.542745317996,30794.70701795616,0.0,0.13,14.0,2352.0
6277.963403228318,13263.30296456687,30770.86287779514,0.0,0.14,14.0,2352.0
5933.216876733584,13453.062580014981,31570.63507902932,0.0,0.12,14.0,2352.0
5786.1780124073,14149.510173884748,32171.70611225501,0.0,0.1,14.0,2352.0
5772.2689306467055,14222.036100207846,31661.044110473187,0.06,0.14,14.0,2352.0
5862.67796209057,14011.412862118845,31595.472725030384,0.14,0.18,14.0,2352.0
6267.034838987852,13227.536754325341,31852.790737601383,0.25,0.12,14.0,2352.0
6853.203284612904,12976.1797767946,32025.66075376877,0.32,0.07,14.0,2352.0
7221.793951268658,13285.160093047805,32477.70591098809,0.46,0.06,14.0,2352.0
7370.819827275027,12741.712398544578,32379.348832823885,0.5,0.11,14.0,2352.0
7235.703033029253,13143.088757921732,32471.744875947836,0.37,0.2,14.0,2352.0
7654.962497527172,13489.822296096552,32830.400484203165,0.27,0.08,14.0,2352.0
8015.605117462585,14371.061976214216,32996.31595949025,0.27,0.01,14.0,2352.0
8077.202479545218,14742.633160390096,32705.218748357813,0.24,0.01,14.0,2352.0
7872.540276496471,13914.049289794684,32597.920117633228,0.08,0.02,14.0,2352.0
7533.754785041991,13191.770544083813,31700.784344074884,0.0,0.09,14.0,2352.0
7392.676955755962,13303.043198168569,32507.511086189363,0.0,0.21,14.0,2352.0
7475.137940479486,15014.853760561731,33318.21185166401,0.0,0.31,14.0,2352.0
7563.559960243265,15138.048484726996,32904.91342220635,0.0,0.38,14.0,2352.0
8049.384316024029,15635.79491058827,32765.822604600406,0.0,0.46,14.0,2352.0
8249.078989872563,15630.827381388059,32276.02422545947,0.0,0.53,14.0,2352.0
6470.703536196556,14406.828186455745,36835.22252541433,0.0,0.07,9.0,1512.0
6119.995974661568,13936.89992411566,36696.13170780839,0.0,0.06,9.0,1512.0
5809.028646728277,13526.582012178123,36158.64504834541,0.0,0.05,9.0,1512.0
5509.983388875496,12815.23183070772,35920.20364673522,0.0,0.04,9.0,1512.0
5327.178314307683,12443.66064653184,35391.658539832635,0.0,0.06,9.0,1512.0
5263.593940544965,12872.855169430182,35773.16478240894,0.0,0.11,9.0,1512.0
5272.535493105347,14224.023111887931,36579.89152452342,0.0,0.18,9.0,1512.0
5288.431586546027,14564.795615022496,36512.33312740053,0.08,0.23,9.0,1512.0
5349.035442788617,14051.153095720543,36639.50187492596,0.33,0.13,9.0,1512.0
5761.340366406239,13715.348121786192,36867.01471229569,0.53,0.03,9.0,1512.0
6331.612718590612,13133.153699521308,37988.682805703625,0.66,0.0,9.0,1512.0
6580.98268444127,12571.822899897317,39027.88991438804,0.75,0.0,9.0,1512.0
6606.813836282374,12582.751464137784,39116.311934151825,0.76,0.0,9.0,1512.0
6423.0152558745185,12300.595805565725,38375.15657748015,0.71,0.0,9.0,1512.0
6758.820229808871,12416.835988850693,38571.87073380855,0.63,0.01,9.0,1512.0
6968.44996205783,12661.238425501138,38731.82517405539,0.48,0.01,9.0,1512.0
6883.008459814178,12668.192966381435,37956.89061882227,0.22,0.01,9.0,1512.0
6454.807442755877,12371.13472020874,37149.170370867745,0.01,0.01,9.0,1512.0
6269.021850667937,11738.271500101691,36010.61267817909,0.0,0.01,9.0,1512.0
6448.846407715622,13379.543147851839,37058.76133942389,0.0,0.02,9.0,1512.0
6396.190598193371,13974.653146037273,36712.02780124907,0.0,0.06,9.0,1512.0
6273.989379868149,13238.46531856581,35915.23611753501,0.0,0.09,9.0,1512.0
6542.235956679614,14784.36040567188,36123.87234394393,0.0,0.09,9.0,1512.0
6734.976089647851,15115.19785040602,36652.417450846515,0.0,0.07,9.0,1512.0
6587.937225321567,14633.347517985427,37015.04708246201,0.0,0.05,9.0,1512.0
6277.963403228318,14174.347819885808,36284.8202900308,0.0,0.03,9.0,1512.0
5946.132452654137,13633.88064290271,35291.31444998834,0.0,0.02,9.0,1512.0
5684.840416722969,12984.127823514938,34873.04849133047,0.0,0.02,9.0,1512.0
5487.132754554519,12360.206155968273,34777.67193068639,0.0,0.01,9.0,1512.0
5300.353656626536,12733.764351824238,35342.976753670555,0.0,0.02,9.0,1512.0
5170.204391580974,13971.672628517146,36678.24860268762,0.0,0.03,9.0,1512.0
5122.516111258935,14700.905915108313,36553.06686684227,0.06,0.04,9.0,1512.0
5145.366745579912,14045.192060680289,36281.83977251068,0.21,0.03,9.0,1512.0
5322.21078510747,13571.289774980034,35682.75575096507,0.35,0.01,9.0,1512.0
5751.405308005814,12907.627873831669,35925.17117593544,0.59,0.0,9.0,1512.0
5936.1973942537115,12283.706206285004,36922.65103933807,0.68,0.0,9.0,1512.0
6108.073904581058,12203.232233241564,37126.31973654677,0.7,0.01,9.0,1512.0
6001.768779696515,11981.680430912094,36947.48868533913,0.66,0.01,9.0,1512.0
6299.820531709253,11863.453235947041,37363.76763231692,0.57,0.01,9.0,1512.0
6485.6061237971935,12145.6088945191,37673.74145441017,0.4,0.01,9.0,1512.0
6467.723018676429,12123.751766038167,36956.43023789951,0.17,0.01,9.0,1512.0
6243.190698826833,11697.53776065995,35530.74935743857,0.01,0.02,9.0,1512.0
6082.242752739954,10918.62918206666,33814.96477168524,0.0,0.05,9.0,1512.0
6398.177609873457,12700.978659102837,34736.93819124465,0.0,0.12,9.0,1512.0
6452.820431075792,13397.426252972604,34134.87365217892,0.0,0.21,9.0,1512.0
6634.631999803562,13224.556236805214,33976.90622361217,0.0,0.26,9.0,1512.0
7010.177207339613,14137.588103804237,34501.477307154586,0.0,0.26,9.0,1512.0
7101.57974462352,14468.425548538378,35583.40516696083,0.0,0.23,9.0,1512.0
6919.76817589575,13987.568721957825,35948.02181025641,0.0,0.23,9.0,1512.0
6616.748894682799,13637.85466626288,35067.77563597879,0.0,0.28,9.0,1512.0
6258.093286427469,13257.341929526616,34592.879844438496,0.0,0.37,9.0,1512.0
5940.171417613882,12635.407273660034,33997.76984625306,0.0,0.47,9.0,1512.0
5712.658580244158,12423.79052973099,33734.490798641804,0.0,0.54,9.0,1512.0
5568.600233438001,13080.497889999058,34193.490496741426,0.0,0.58,9.0,1512.0
5579.5287976784675,14598.57481358394,35849.664732092206,0.0,0.6,9.0,1512.0
5540.782069916811,14940.340822558546,36022.5347482596,0.07,0.6,9.0,1512.0
5605.359949519572,13979.620675237486,36383.17736819501,0.31,0.35,9.0,1512.0
6162.7167257833935,13397.426252972604,37296.20923519403,0.53,0.15,9.0,1512.0
6901.885070774985,13013.932998716213,37987.68929986359,0.66,0.35,9.0,1512.0
7180.066705986875,12904.647356311541,38769.578395977005,0.7,0.41,9.0,1512.0
7294.319877591758,12681.108542301989,38837.13679309989,0.71,0.28,9.0,1512.0
7143.306989905303,12342.323050847508,38186.39046787208,0.66,0.16,9.0,1512.0
7468.183399599188,12375.10874356891,38186.39046787208,0.56,0.11,9.0,1512.0
7848.696136335451,12823.17987742806,39062.66261878953,0.39,0.12,9.0,1512.0
7803.988373533541,12986.114835195023,38612.60447325029,0.16,0.22,9.0,1512.0
7453.280811998552,12641.36830870029,37351.84556223641,0.01,0.44,9.0,1512.0
7140.326472385176,12192.303669001096,35539.69090999896,0.0,0.58,9.0,1512.0
7207.884869508063,13454.056085855023,36473.58639963887,0.0,0.63,9.0,1512.0
7243.651079749592,13893.185667153792,36329.52805283271,0.0,0.65,9.0,1512.0
7383.735403195579,13257.341929526616,36275.878737470426,0.0,0.66,9.0,1512.0
7795.046820973159,14487.302159499184,36262.96316154987,0.0,0.66,9.0,1512.0
7820.877972814263,14954.249904319142,36653.41095668656,0.0,0.65,9.0,1512.0
7577.46904200386,14479.354112778845,36726.9303888497,0.0,0.62,9.0,1512.0
7201.923834467809,14168.386784845554,35817.87254521085,0.0,0.58,9.0,1512.0
6863.138343013329,13697.465016665426,35060.821095098494,0.0,0.52,9.0,1512.0
6470.703536196556,13047.712197277657,34477.63316699357,0.0,0.47,9.0,1512.0
6210.405006105431,12876.829192790354,34305.75665666622,0.0,0.42,9.0,1512.0
6015.6778614571085,13342.783431770267,35181.03530174363,0.0,0.37,9.0,1512.0
5950.106476014306,14203.15948924704,36299.722877631444,0.0,0.35,9.0,1512.0
5800.087094167894,14430.672326616765,36789.52125677238,0.05,0.34,9.0,1512.0
5865.658479610697,14037.24401395995,37418.41045351925,0.25,0.19,9.0,1512.0
6424.008761714561,13560.361210739567,37917.15038522057,0.46,0.06,9.0,1512.0
7071.774569422246,12800.329243107084,38760.63684341662,0.59,0.03,9.0,1512.0
7345.982181273966,12518.173584535025,39552.460997930466,0.66,0.01,9.0,1512.0
7562.566454403222,12906.634367991626,40406.87602036698,0.67,0.01,9.0,1512.0
7422.482130957235,12356.232132608102,39959.798392347875,0.63,0.01,9.0,1512.0
7750.339058171247,12472.47231589307,40428.73314884792,0.53,0.01,9.0,1512.0
8135.819324107723,12980.153800154769,41020.86262951322,0.36,0.0,9.0,1512.0
8064.286903624666,12899.67982711133,40614.518740935855,0.15,0.01,9.0,1512.0
7699.670260329082,12764.563032865555,39258.383269277896,0.01,0.04,9.0,1512.0
7229.741997988997,11855.505189226702,37213.74825047051,0.0,0.11,9.0,1512.0
7239.677056389422,13546.452128978972,37252.494978232164,0.0,0.22,9.0,1512.0
7166.15762422628,14157.458220605087,35877.48289561339,0.0,0.37,9.0,1512.0
7181.060211826917,13618.978055302072,36465.63835291853,0.0,0.54,9.0,1512.0
7690.7287077687,14278.665933090268,36504.38508068019,0.0,0.66,9.0,1512.0
7865.585735616173,15376.489886337187,37284.28716511352,0.0,0.73,9.0,1512.0
7619.196287285643,14526.04888726084,37328.00142207539,0.0,0.74,9.0,1512.0
7252.592632309974,14411.795715655957,36655.39796836665,0.0,0.73,9.0,1512.0
6936.657775176472,13973.659640197231,36217.26189290792,0.0,0.66,9.0,1512.0
6516.404804838509,13462.004132575363,35461.20394863561,0.0,0.55,9.0,1512.0
6199.476441864965,13054.666738157954,35515.84676983794,0.0,0.43,9.0,1512.0
6019.651884817279,13601.094950181308,36515.31364492066,0.0,0.36,9.0,1512.0
5867.645491290782,14632.354012145384,36758.72257573106,0.0,0.34,9.0,1512.0
5683.846910882927,14822.113627593493,37158.11192342813,0.05,0.32,9.0,1512.0
5760.346860566196,14271.71139220997,38241.03328907441,0.22,0.22,9.0,1512.0
6354.463352911588,13613.017020261817,38435.76043372274,0.38,0.22,9.0,1512.0
7043.956405901057,13230.517271845469,39393.50006352367,0.55,0.23,9.0,1512.0
7367.8393097549,13013.932998716213,40374.09032764558,0.64,0.15,9.0,1512.0
7539.715820082246,12684.089059822116,39806.79849298133,0.65,0.07,9.0,1512.0
7391.683449915919,12442.667140691798,39411.38316864443,0.59,0.01,9.0,1512.0
7849.689642175494,12758.6019978253,40023.38276611059,0.48,0.0,9.0,1512.0
8296.767270194601,13119.244617760714,40547.95384965301,0.28,0.0,9.0,1512.0
8142.77386498802,13199.718590804154,39721.35699073768,0.08,0.05,9.0,1512.0
7871.546770656429,12940.41356655307,38552.0006170077,0.0,0.22,9.0,1512.0
7354.923733834348,12433.725588131414,36383.17736819501,0.0,0.4,9.0,1512.0
7344.988675433923,13607.055985221563,37207.78721543025,0.0,0.52,9.0,1512.0
7446.326271118254,14414.776233176084,36738.85245893021,0.0,0.59,9.0,1512.0
7577.46904200386,14093.873846842369,36246.07356226915,0.0,0.62,9.0,1512.0
8010.637588262373,15094.334227765128,36725.93688300966,0.0,0.61,9.0,1512.0
8227.22186139163,15653.678015709034,37693.61157121102,0.0,0.57,9.0,1512.0
8020.5726466627975,15036.710889042666,37487.955862322226,0.0,0.52,9.0,1512.0
7650.988474167001,14902.587600636933,36537.170773401594,0.0,0.47,9.0,1512.0
7252.592632309974,14405.834680615702,35752.301159768045,0.0,0.43,9.0,1512.0
6879.034436454009,13819.66623499065,35407.554633273314,0.0,0.4,9.0,1512.0
6557.138544280251,13307.017221528738,35403.580609913144,0.0,0.38,9.0,1512.0
6301.807543389338,13644.809207143177,36484.51496387934,0.0,0.35,9.0,1512.0
6051.444071698637,14824.100639273578,37546.57270688473,0.0,0.3,9.0,1512.0
5853.736409530187,15016.840772241816,37185.930086949316,0.03,0.2,9.0,1512.0
5904.405207372353,14708.853961828654,37822.76733041654,0.15,0.06,9.0,1512.0
6499.515205557788,14047.179072360374,38468.54612644414,0.29,0.0,9.0,1512.0
7260.540679030314,13594.140409301011,39305.07804375989,0.38,0.01,9.0,1512.0
7624.163816485855,13336.822396730013,40525.103215332034,0.42,0.08,9.0,1512.0
7756.300093211503,13367.62107777133,40460.525335729275,0.4,0.09,9.0,1512.0
7769.215669132054,13306.023715688696,39530.60386944953,0.31,0.08,9.0,1512.0
8366.312678997574,13228.530260165384,39413.37018032452,0.22,0.06,9.0,1512.0
8882.935715819654,13772.971460508654,39817.727057221804,0.12,0.04,9.0,1512.0
8762.721509174517,13826.620775870946,39221.623553196325,0.05,0.04,9.0,1512.0
8274.910141713668,13400.406770492731,37049.8197868635,0.0,0.1,9.0,1512.0
7831.80653705473,12323.446439886702,35062.808106778575,0.0,0.42,9.0,1512.0
7862.605218096046,13897.159690513961,36603.735664684435,0.0,0.62,9.0,1512.0
7977.851895540972,15101.288768645425,36780.579704211996,0.0,0.63,9.0,1512.0
8061.306386104538,14943.321340078674,36500.41105732002,0.0,0.6,9.0,1512.0
8574.94890540649,15837.47659611689,36794.488785972586,0.0,0.56,9.0,1512.0
8619.656668208403,16414.70348918156,37468.08574552138,0.0,0.6,9.0,1512.0
8303.7218110749,16052.073857566062,37337.936480475815,0.0,0.6,9.0,1512.0
8005.67005906216,15385.43143889757,36626.586299005416,0.0,0.56,9.0,1512.0
7639.066404086492,14903.581106476975,35913.24910585493,0.0,0.6,9.0,1512.0
7313.196488552565,14257.802310449375,35326.08715438983,0.0,0.56,9.0,1512.0
7005.209678139401,13646.796218823261,35313.17157846928,0.0,0.41,9.0,1512.0
6756.833218128786,13790.854565629419,35826.81409777123,0.0,0.29,9.0,1512.0
6450.833419395707,15244.35360961154,36688.18366108804,0.0,0.19,9.0,1512.0
6222.327076185941,15511.606680582963,37030.94317590269,0.01,0.14,9.0,1512.0
6260.080298107555,15121.158885446275,37078.631456224735,0.07,0.09,9.0,1512.0
6852.209778772862,14425.70479741655,37592.27397552669,0.17,0.04,9.0,1512.0
7589.391112084369,13580.231327540416,37930.065961141125,0.28,0.01,9.0,1512.0
7955.994767060038,12941.407072393113,39058.68859542936,0.38,0.0,9.0,1512.0
8211.32576795095,13006.978457835916,39336.87023064125,0.5,0.0,9.0,1512.0
8142.77386498802,13198.725084964111,38705.99402221428,0.57,0.0,9.0,1512.0
8703.11115877197,13262.309458726828,38510.27337172592,0.48,0.0,9.0,1512.0
9215.76017223388,13856.42595107222,38836.143287259845,0.3,0.0,9.0,1512.0
9038.916132706321,14185.276384126275,38411.91629356172,0.11,0.0,9.0,1512.0
8626.6112090887,13657.724783063728,36347.41115795348,0.01,0.01,9.0,1512.0
8132.838806587596,12738.73188102445,34453.78902683255,0.0,0.02,9.0,1512.0
8167.611510989082,13952.79601755634,35538.69740415891,0.0,0.01,9.0,1512.0
8252.05950739269,14466.438536858292,35449.28187855509,0.0,0.0,9.0,1512.0
8365.319173157532,14387.951575494939,35137.32104478176,0.0,0.0,9.0,1512.0
8863.065599018806,15605.989735386996,35428.41825591421,0.0,0.0,9.0,1512.0
9053.818720306957,16391.852854860583,36250.04758562932,0.0,0.0,9.0,1512.0
7360.884768874603,14885.698001356212,31410.680638782487,0.0,0.93,7.0,1176.0
6827.3721327718,15109.236815365766,31081.83020572843,0.0,0.94,7.0,1176.0
6480.638594596981,14870.795413755575,30753.97327851442,0.0,0.92,7.0,1176.0
6181.5933367442,14495.250206219524,30626.804530988982,0.0,0.85,7.0,1176.0
5838.83382192955,14198.191960046828,30529.44095866482,0.0,0.74,7.0,1176.0
5734.515708725092,15133.080955526784,31381.868969421255,0.0,0.57,7.0,1176.0
5572.574256798171,16201.099733572431,32493.60200442877,0.06,0.54,7.0,1176.0
5500.0483304750705,15999.418048043812,32162.76455969463,0.18,0.47,7.0,1176.0
5435.470450872311,14906.561623997104,31229.862575894756,0.32,0.45,7.0,1176.0
5476.204190314052,14254.821792929248,30633.75907186928,0.45,0.42,7.0,1176.0
5808.035140888234,13756.081861227933,30688.401893071616,0.54,0.38,7.0,1176.0
6032.5674607378305,13564.335234099737,30864.252426759133,0.59,0.35,7.0,1176.0
6135.892068102246,13110.30306520033,30977.51209252397,0.61,0.33,7.0,1176.0
6032.5674607378305,13019.894033756467,31124.550956850257,0.58,0.31,7.0,1176.0
6061.379130099062,13215.614684244832,31987.907531847155,0.5,0.25,7.0,1176.0
6021.638896497364,13794.828588989589,31829.940103280405,0.4,0.19,7.0,1176.0
5775.249448166833,13793.835083149546,31006.323761885204,0.26,0.15,7.0,1176.0
5469.249649433755,13743.16628530738,30070.441260565203,0.12,0.12,7.0,1176.0
5571.580750958128,14100.828387722666,29927.376419599088,0.03,0.11,7.0,1176.0
5658.015759041822,15293.03539577362,30802.6550646765,0.0,0.12,7.0,1176.0
5724.580650324668,14802.243510792645,30171.778856249537,0.0,0.16,7.0,1176.0
6050.450565858595,14182.295866606148,29703.837605589535,0.0,0.22,7.0,1176.0
6406.1256565937965,14936.366799198377,29220.9937673289,0.0,0.33,7.0,1176.0
6625.690447243181,16009.353106444236,29018.31857596024,0.0,0.49,7.0,1176.0
6430.963302594858,15922.918098360542,28728.214870667838,0.0,0.69,7.0,1176.0
6107.080398741015,15423.184660819185,28921.94850947612,0.0,0.85,7.0,1176.0
5832.872786889296,14469.41905437842,28714.305788907244,0.0,0.9,7.0,1176.0
5540.782069916811,13446.108039134684,28614.955204902995,0.0,0.87,7.0,1176.0
5321.217279267427,12592.686522538208,28678.539578665714,0.0,0.82,7.0,1176.0
5136.42519301953,13431.205451534046,29539.90914198253,0.0,0.77,7.0,1176.0
5000.314892933712,14485.3151478191,30593.02533242754,0.06,0.79,7.0,1176.0
4958.587647651929,14624.405965425043,30941.745882282445,0.18,0.77,7.0,1176.0
4989.386328693246,14000.484297878378,30953.667952362954,0.33,0.72,7.0,1176.0
5226.834224463394,13885.237620433452,31167.271707972082,0.46,0.66,7.0,1176.0
5578.535291838425,13188.790026563685,31859.745278481678,0.55,0.53,7.0,1176.0
5854.72991537023,12612.556639339058,33167.19896397756,0.6,0.39,7.0,1176.0
5993.820732976174,13173.88743896305,33408.62088310788,0.61,0.31,7.0,1176.0
5826.911751849041,13067.582314078505,33345.03650934516,0.58,0.25,7.0,1176.0
6025.612919857534,13110.30306520033,33691.77004751998,0.52,0.19,7.0,1176.0
6115.028445461355,13235.484801045683,33981.873752812375,0.41,0.13,7.0,1176.0
6105.093387060931,13007.971963675958,33212.90023261951,0.27,0.1,7.0,1176.0
5938.184405933796,12372.128226048782,31987.907531847155,0.13,0.1,7.0,1176.0
6177.61931338403,12628.452732779737,32676.407078996584,0.03,0.16,7.0,1176.0
6389.2360573130745,14383.977552134767,33728.52976360155,0.0,0.39,7.0,1176.0
6303.794555069423,13469.952179295702,33364.90662614601,0.0,0.63,7.0,1176.0
6282.930932428531,12957.303165833793,32656.536962195732,0.0,0.76,7.0,1176.0
6532.300898279189,14166.399773165469,31959.095862485927,0.0,0.82,7.0,1176.0
6679.339762605474,15262.236714732304,31921.34264056431,0.0,0.86,7.0,1176.0
6540.248944999529,14930.405764158122,31880.60890112257,0.0,0.89,7.0,1176.0
6217.359546985728,14675.07476326721,31706.74537911514,0.0,0.89,7.0,1176.0
5908.379230732523,14177.328337405936,31676.940203913866,0.0,0.89,7.0,1176.0
5651.061218161525,13445.114533294642,31285.498902937135,0.0,0.86,7.0,1176.0
5414.606828231419,12740.718892704535,31328.21965405896,0.0,0.8,7.0,1176.0
5221.866695263181,13995.516768678166,32195.55025241603,0.0,0.73,7.0,1176.0
5052.970702455963,14953.2563984791,33470.21824519051,0.06,0.76,7.0,1176.0
4994.353857893458,14868.80840207549,33849.73747608673,0.18,0.73,7.0,1176.0
4898.977297249381,14394.906116375236,34018.633468893946,0.32,0.67,7.0,1176.0
4853.276028607428,14018.367402999142,33200.978162539,0.46,0.63,7.0,1176.0
5016.210986374392,12889.744768710905,34191.50348506134,0.55,0.53,7.0,1176.0
5112.581052858511,12787.41366718653,35183.02231342372,0.6,0.44,7.0,1176.0
5146.360251419955,12794.368208066828,35068.76914181883,0.61,0.43,7.0,1176.0
5080.7888659771515,13131.166687841223,34933.65234757306,0.58,0.45,7.0,1176.0
5181.13295582144,13421.270393133622,35443.32084351484,0.51,0.42,7.0,1176.0
5258.626411344752,13861.393480272432,35662.885634164224,0.4,0.35,7.0,1176.0
5246.704341264243,13487.835284416467,35480.08055959641,0.26,0.31,7.0,1176.0
5191.068014221865,12997.043399435492,34444.84747427217,0.12,0.31,7.0,1176.0
5488.1262603945615,13435.179474894217,34244.15929458359,0.03,0.39,7.0,1176.0
5816.976693448616,15042.67192408292,34727.996638684264,0.0,0.6,7.0,1176.0
5899.43767817214,14702.892926788398,33795.09465488439,0.0,0.76,7.0,1176.0
6106.086892900973,14363.113929493877,33222.83529101994,0.0,0.84,7.0,1176.0
6411.093185794009,14925.43823495791,32818.478414122656,0.0,0.89,7.0,1176.0
6563.099579320506,15613.937782107336,32528.374708830255,0.0,0.93,7.0,1176.0
6311.742601789762,15555.320937544831,32548.244825631104,0.0,0.94,7.0,1176.0
5953.0869935344335,15422.191154979142,32484.66045186839,0.0,0.94,7.0,1176.0
5642.119665601143,14891.659036396466,32348.55015178257,0.0,0.92,7.0,1176.0
5389.769182230358,14424.711291576508,32213.433357536796,0.0,0.89,7.0,1176.0
5173.184909101101,13912.0622781146,32452.868264987028,0.0,0.86,7.0,1176.0
5088.736912697492,14718.789020229078,32970.484807649154,0.0,0.82,7.0,1176.0
5230.808247823564,15320.85355929481,34172.62687410053,0.06,0.8,7.0,1176.0
5249.684858784371,15658.645544909246,34699.18496932303,0.18,0.77,7.0,1176.0
5351.022454468702,14706.86695014857,34183.555438341,0.32,0.73,7.0,1176.0
6043.496024978298,13761.049390428145,34939.61338261331,0.46,0.68,7.0,1176.0
6788.625405010144,12825.166889108144,35712.56092616635,0.55,0.64,7.0,1176.0
6992.294102218849,13799.7961181898,35198.918406864395,0.6,0.59,7.0,1176.0
6503.489228917958,15334.762641055404,34476.639661153524,0.59,0.56,7.0,1176.0
5534.821034876557,15573.204042665595,34553.13961083679,0.56,0.51,7.0,1176.0
5449.3795326329055,14392.919104695151,34150.7697456196,0.49,0.44,7.0,1176.0
6286.904955788701,13571.289774980034,35178.0547842235,0.38,0.35,7.0,1176.0
6908.839611655282,12598.647557578464,36195.40476442698,0.25,0.28,7.0,1176.0
7218.813433748531,13285.160093047805,35746.340124727794,0.12,0.27,7.0,1176.0
7364.858792234772,15245.347115451583,35728.45701960703,0.02,0.35,7.0,1176.0
7373.800344795155,15149.970554807507,35510.879240637725,0.0,0.53,7.0,1176.0
7091.644686223095,15467.892423621095,34781.64595404656,0.0,0.77,7.0,1176.0
6919.76817589575,15088.373192724874,34950.54194685378,0.0,0.9,7.0,1176.0
7162.18360086611,14551.880039101945,35063.80161261862,0.0,0.96,7.0,1176.0
7285.378325031375,14316.419155011881,34468.691614433184,0.0,0.97,7.0,1176.0
6894.930529894687,15212.561422730181,33813.971265845204,0.0,0.97,7.0,1176.0
6495.541182197618,15437.093742579778,33776.21804392359,0.0,0.97,7.0,1176.0
6204.443971065177,15051.613476643302,33590.43245183565,0.0,0.95,7.0,1176.0
5960.041534414731,14092.880341002327,33677.860965759384,0.0,0.92,7.0,1176.0
5695.768980963436,13806.750659070098,33684.81550663968,0.0,0.86,7.0,1176.0
5559.658680877618,14341.256801012942,34013.66593969374,0.0,0.78,7.0,1176.0
5638.145642240973,15263.230220572348,33112.556142775225,0.06,0.74,7.0,1176.0
5594.431385279105,15611.950770427251,33600.36751023607,0.17,0.67,7.0,1176.0
5700.736510163648,14611.490389504492,33635.14021463756,0.32,0.63,7.0,1176.0
6335.586741950781,13637.85466626288,35519.82079319811,0.46,0.61,7.0,1176.0
6920.761681735792,12658.257907981011,36588.8330770838,0.55,0.56,7.0,1176.0
7229.741997988997,12317.485404846446,37295.21572935399,0.61,0.5,7.0,1176.0
7335.053617033499,12384.050296129291,36617.64474644503,0.62,0.47,7.0,1176.0
7078.729110302544,12828.147406628272,36292.76833675114,0.58,0.47,7.0,1176.0
7384.728909035622,13303.043198168569,36742.82648229038,0.51,0.43,7.0,1176.0
7610.25473472526,13371.5951011315,37065.71588030418,0.4,0.38,7.0,1176.0
7504.94311568076,12992.075870235278,36621.6187698052,0.26,0.37,7.0,1176.0
7310.215971032437,13537.51057641859,35511.87274647777,0.12,0.4,7.0,1176.0
7359.89126303456,15234.418551211116,35703.619373605965,0.03,0.48,7.0,1176.0
7355.917239674391,15151.957566487592,35490.01561799683,0.0,0.6,7.0,1176.0
7094.625203743223,15465.90541194101,34771.71089564614,0.0,0.75,7.0,1176.0
6937.651281016514,15064.529052563856,34914.77573661225,0.0,0.88,7.0,1176.0
7157.216071665898,14557.8410741422,35064.79511845866,0.0,0.95,7.0,1176.0
7286.371830871418,14329.334730932433,34490.54874291412,0.0,0.97,7.0,1176.0
7033.02784166059,14465.44503101825,33922.26340240983,0.0,0.96,7.0,1176.0
6627.6774589232655,14376.029505414428,34079.23732513654,0.0,0.93,7.0,1176.0
6260.080298107555,14348.21134189324,34104.0749711376,0.0,0.91,7.0,1176.0
5939.177911773839,14781.379888151752,33687.79602415981,0.0,0.89,7.0,1176.0
5710.671568564073,14280.652944770352,33986.84128201259,0.0,0.86,7.0,1176.0
5585.489832718723,14813.172075033111,34477.63316699357,0.0,0.82,7.0,1176.0
5499.054824635028,15211.567916890139,32302.848883140618,0.06,0.82,7.0,1176.0
5589.463856078893,14905.568118157062,32836.36151924342,0.17,0.78,7.0,1176.0
5779.223471527002,14618.444930384789,32708.19926587794,0.31,0.74,7.0,1176.0
6429.969796754815,14269.724380529886,34087.18537185688,0.44,0.72,7.0,1176.0
7130.391413984751,13348.744466810522,35567.509073520145,0.53,0.7,7.0,1176.0
7361.878274714645,13260.322447046743,36473.58639963887,0.56,0.66,7.0,1176.0
7371.813333115069,13009.958975356043,34868.080962130254,0.55,0.62,7.0,1176.0
7011.170713179656,12843.04999422891,34348.47740778805,0.49,0.58,7.0,1176.0
7260.540679030314,13152.030310482114,35633.08045896295,0.42,0.51,7.0,1176.0
7432.41718935766,13303.043198168569,35881.45691897356,0.33,0.42,7.0,1176.0
7435.397706877788,13678.58840570462,35074.730176859084,0.22,0.37,7.0,1176.0
7328.099076153201,13815.69221163048,34181.56842666091,0.11,0.36,7.0,1176.0
7427.449660157447,14679.04878662738,34698.191463482995,0.02,0.41,7.0,1176.0
7398.637990796216,15484.782022901816,34742.899226284906,0.0,0.56,7.0,1176.0
7107.540779663775,15406.295061538462,34265.02291722448,0.0,0.75,7.0,1176.0
6866.118860533456,15081.418651844577,34595.86036195862,0.0,0.89,7.0,1176.0
7092.6381920631375,14629.373494625257,34500.48380131454,0.0,0.96,7.0,1176.0
7260.540679030314,14222.036100207846,34128.91261713866,0.0,0.97,7.0,1176.0
7031.040829980505,14214.088053487507,33747.40637456236,0.0,0.96,7.0,1176.0
6588.930731161609,14061.088154120967,33571.55584087484,0.0,0.96,7.0,1176.0
6253.125757227257,13549.432646499099,33687.79602415981,0.0,0.97,7.0,1176.0
5921.294806653075,13605.068973541478,33682.8284949596,0.0,0.97,7.0,1176.0
5672.918346642459,14102.81539940275,34104.0749711376,0.0,0.96,7.0,1176.0
5579.5287976784675,14630.3670004653,34682.29537004232,0.0,0.94,7.0,1176.0
5686.827428403054,14899.607083116805,33027.114640531574,0.05,0.94,7.0,1176.0
5671.924840802417,15605.989735386996,32289.933307220064,0.17,0.93,7.0,1176.0
5774.25594232679,14567.776132542624,32457.835794187242,0.31,0.9,7.0,1176.0
6432.950314274943,13705.413063385766,33737.47131616193,0.44,0.86,7.0,1176.0
7095.618709583266,13626.926102022411,34426.9643691514,0.53,0.82,7.0,1176.0
7250.605620629889,13735.21823858704,35856.6192729725,0.59,0.77,7.0,1176.0
7220.800445428616,13631.893631222625,35582.41166112079,0.6,0.71,7.0,1176.0
6871.0863897336685,13307.017221528738,34892.91860813132,0.56,0.67,7.0,1176.0
7212.852398708275,13796.815600669674,34805.49009420758,0.48,0.61,7.0,1176.0
7492.027539760207,13090.432948399482,34136.860663859,0.38,0.55,7.0,1176.0
7410.560060876725,13737.205250267125,33631.16619127739,0.25,0.53,7.0,1176.0
7197.949811107639,14174.347819885808,33586.458428475475,0.12,0.54,7.0,1176.0
7335.053617033499,15257.269185532092,33265.55604214176,0.03,0.6,7.0,1176.0
7236.696538869295,15623.872840507762,32524.400685470086,0.0,0.73,7.0,1176.0
6877.047424773924,15726.203942032134,32490.621486908643,0.0,0.86,7.0,1176.0
6664.437175004837,15275.152290652857,32373.38779778363,0.0,0.93,7.0,1176.0
6888.969494854433,15082.41215768462,32473.73188762792,0.0,0.97,7.0,1176.0
7021.105771580081,14880.730472156,32278.011237139555,0.0,0.97,7.0,1176.0
8656.0,15747.0,36216.0,0.0,0.02,1.0,168.0
8370.0,15418.0,36080.0,0.0,0.03,1.0,168.0
7956.0,14802.0,35175.0,0.0,0.02,1.0,168.0
7508.0,13874.0,34769.0,0.0,0.02,1.0,168.0
7195.0,13582.0,34681.0,0.0,0.02,1.0,168.0
6776.0,14269.0,35258.0,0.0,0.02,1.0,168.0
6604.0,14800.0,35996.0,0.0,0.03,1.0,168.0
6290.0,15481.0,35859.0,0.18,0.03,1.0,168.0
6328.0,14873.0,35678.0,0.42,0.02,1.0,168.0
6716.0,14030.0,35808.0,0.59,0.04,1.0,168.0
7365.0,13568.0,37165.0,0.71,0.05,1.0,168.0
7754.0,13554.0,37882.0,0.77,0.06,1.0,168.0
8097.0,13530.0,38495.0,0.78,0.08,1.0,168.0
7958.0,13427.0,38445.0,0.74,0.08,1.0,168.0
8447.0,13825.0,38019.0,0.64,0.08,1.0,168.0
8757.0,14656.0,37262.0,0.48,0.06,1.0,168.0
8722.0,14937.0,36123.0,0.28,0.05,1.0,168.0
8318.0,14303.0,33819.0,0.06,0.04,1.0,168.0
7838.0,13355.0,32261.0,0.0,0.02,1.0,168.0
7672.0,13935.0,32404.0,0.0,0.01,1.0,168.0
7948.0,15661.0,32867.0,0.0,0.0,1.0,168.0
8172.0,15809.0,33739.0,0.0,0.0,1.0,168.0
8790.0,16363.0,34491.0,0.0,0.0,1.0,168.0
9188.0,16773.0,35243.0,0.0,0.0,1.0,168.0
8971.0,16529.0,34626.0,0.0,0.0,1.0,168.0
8726.0,16340.0,34592.0,0.0,0.0,1.0,168.0
8461.0,15885.0,34129.0,0.0,0.0,1.0,168.0
8031.0,15208.0,33370.0,0.0,0.0,1.0,168.0
7613.0,14452.0,33300.0,0.0,0.0,1.0,168.0
7123.0,15123.0,34021.0,0.0,0.0,1.0,168.0
6586.0,15874.0,34130.0,0.0,0.0,1.0,168.0
6413.0,15929.0,33367.0,0.17,0.01,1.0,168.0
6277.0,14764.0,33212.0,0.4,0.0,1.0,168.0
6368.0,14208.0,32815.0,0.58,0.0,1.0,168.0
6690.0,13729.0,33719.0,0.7,0.01,1.0,168.0
7167.0,13913.0,34988.0,0.77,0.01,1.0,168.0
7584.0,14158.0,36150.0,0.78,0.01,1.0,168.0
7856.0,14324.0,36376.0,0.74,0.02,1.0,168.0
8508.0,14479.0,37029.0,0.64,0.02,1.0,168.0
8798.0,14704.0,37307.0,0.49,0.03,1.0,168.0
8799.0,15022.0,36564.0,0.29,0.02,1.0,168.0
8262.0,14579.0,35087.0,0.07,0.03,1.0,168.0
7798.0,13709.0,33739.0,0.0,0.02,1.0,168.0
7755.0,14036.0,33850.0,0.0,0.01,1.0,168.0
7989.0,15759.0,34803.0,0.0,0.0,1.0,168.0
8450.0,15664.0,34913.0,0.0,0.0,1.0,168.0
9044.0,16606.0,35785.0,0.0,0.0,1.0,168.0
9378.0,17218.0,36685.0,0.0,0.0,1.0,168.0
9330.0,16757.0,36088.0,0.0,0.0,1.0,168.0
9107.0,16711.0,35434.0,0.0,0.0,1.0,168.0
8822.0,16194.0,35122.0,0.0,0.0,1.0,168.0
8512.0,15740.0,34789.0,0.0,0.0,1.0,168.0
8280.0,15274.0,34652.0,0.0,0.0,1.0,168.0
7866.0,16209.0,34906.0,0.0,0.0,1.0,168.0
7422.0,17230.0,35170.0,0.0,0.0,1.0,168.0
7196.0,17772.0,35108.0,0.17,0.01,1.0,168.0
7375.0,17053.0,35604.0,0.4,0.01,1.0,168.0
7974.0,16411.0,36380.0,0.57,0.01,1.0,168.0
8789.0,15705.0,37385.0,0.69,0.0,1.0,168.0
9243.0,15755.0,38264.0,0.75,0.01,1.0,168.0
9595.0,15442.0,39225.0,0.76,0.01,1.0,168.0
9749.0,15344.0,38942.0,0.72,0.01,1.0,168.0
10164.0,15311.0,39261.0,0.61,0.02,1.0,168.0
10245.0,15953.0,39258.0,0.42,0.06,1.0,168.0
10178.0,16577.0,37866.0,0.21,0.09,1.0,168.0
9683.0,15635.0,35983.0,0.05,0.1,1.0,168.0
8836.0,14733.0,34411.0,0.0,0.08,1.0,168.0
8577.0,14583.0,34879.0,0.0,0.06,1.0,168.0
8876.0,16386.0,34983.0,0.0,0.06,1.0,168.0
9260.0,16628.0,35438.0,0.0,0.07,1.0,168.0
9898.0,17608.0,35433.0,0.0,0.07,1.0,168.0
10005.0,18313.0,35886.0,0.0,0.06,1.0,168.0
9791.0,18110.0,35569.0,0.0,0.06,1.0,168.0
9582.0,17696.0,34903.0,0.0,0.07,1.0,168.0
9390.0,17223.0,34161.0,0.0,0.1,1.0,168.0
9102.0,16232.0,33767.0,0.0,0.14,1.0,168.0
8769.0,15435.0,33622.0,0.0,0.16,1.0,168.0
8266.0,16504.0,34099.0,0.0,0.19,1.0,168.0
7794.0,17774.0,34799.0,0.0,0.25,1.0,168.0
7525.0,17661.0,34785.0,0.14,0.26,1.0,168.0
7560.0,16558.0,35222.0,0.36,0.31,1.0,168.0
8065.0,15657.0,35813.0,0.54,0.43,1.0,168.0
8893.0,15008.0,36643.0,0.67,0.45,1.0,168.0
9402.0,15102.0,37454.0,0.7,0.37,1.0,168.0
9695.0,15689.0,38249.0,0.71,0.24,1.0,168.0
9886.0,15704.0,38379.0,0.67,0.16,1.0,168.0
10425.0,16257.0,39304.0,0.59,0.17,1.0,168.0
10600.0,16425.0,39025.0,0.44,0.22,1.0,168.0
10387.0,16397.0,38042.0,0.24,0.31,1.0,168.0
9860.0,15801.0,36631.0,0.06,0.53,1.0,168.0
8988.0,14393.0,35135.0,0.0,0.82,1.0,168.0
8870.0,14994.0,35036.0,0.0,0.9,1.0,168.0
9062.0,17135.0,34759.0,0.0,0.91,1.0,168.0
9061.0,17147.0,34787.0,0.0,0.9,1.0,168.0
9549.0,18139.0,35147.0,0.0,0.89,1.0,168.0
9799.0,19011.0,35198.0,0.0,0.86,1.0,168.0
9690.0,18726.0,34843.0,0.0,0.83,1.0,168.0
9346.0,18377.0,34094.0,0.0,0.81,1.0,168.0
9031.0,17815.0,33306.0,0.0,0.75,1.0,168.0
8638.0,17118.0,32758.0,0.0,0.65,1.0,168.0
8218.0,15745.0,32750.0,0.0,0.59,1.0,168.0
7575.0,16568.0,33116.0,0.0,0.54,1.0,168.0
6720.0,17343.0,33987.0,0.01,0.49,1.0,168.0
6307.0,17192.0,34102.0,0.17,0.26,1.0,168.0
6384.0,16419.0,34626.0,0.4,0.2,1.0,168.0
6821.0,14991.0,35326.0,0.58,0.2,1.0,168.0
7242.0,15036.0,36425.0,0.7,0.13,1.0,168.0
7538.0,14748.0,37292.0,0.76,0.08,1.0,168.0
7792.0,14707.0,37190.0,0.77,0.06,1.0,168.0
7833.0,14656.0,37021.0,0.74,0.04,1.0,168.0
8346.0,14636.0,37455.0,0.63,0.03,1.0,168.0
8797.0,15213.0,37405.0,0.49,0.02,1.0,168.0
8890.0,15243.0,35868.0,0.29,0.01,1.0,168.0
8502.0,14240.0,34616.0,0.07,0.01,1.0,168.0
8015.0,13092.0,34350.0,0.0,0.0,1.0,168.0
7803.0,14113.0,34780.0,0.0,0.01,1.0,168.0
7952.0,15777.0,35396.0,0.0,0.02,1.0,168.0
8121.0,15884.0,35519.0,0.0,0.02,1.0,168.0
8814.0,16063.0,34411.0,0.0,0.04,1.0,168.0
9248.0,16642.0,35064.0,0.0,0.09,1.0,168.0
9063.0,17218.0,34327.0,0.0,0.15,1.0,168.0
8627.0,16657.0,33600.0,0.0,0.2,1.0,168.0
8196.0,15853.0,32996.0,0.0,0.26,1.0,168.0
7832.0,14924.0,32806.0,0.0,0.34,1.0,168.0
7460.0,13958.0,32473.0,0.0,0.42,1.0,168.0
7013.0,14456.0,33131.0,0.0,0.5,1.0,168.0
6629.0,15517.0,33968.0,0.01,0.56,1.0,168.0
6432.0,15811.0,34062.0,0.15,0.47,1.0,168.0
6209.0,15380.0,34613.0,0.37,0.27,1.0,168.0
6490.0,14941.0,35358.0,0.55,0.09,1.0,168.0
7130.0,14349.0,36265.0,0.67,0.04,1.0,168.0
7623.0,13952.0,36676.0,0.73,0.04,1.0,168.0
7995.0,13237.0,36843.0,0.69,0.08,1.0,168.0
7952.0,12617.0,36084.0,0.59,0.14,1.0,168.0
8310.0,12378.0,35995.0,0.44,0.23,1.0,168.0
8616.0,12832.0,36546.0,0.29,0.33,1.0,168.0
8506.0,13356.0,35961.0,0.15,0.41,1.0,168.0
8225.0,13262.0,35347.0,0.03,0.45,1.0,168.0
7775.0,12303.0,34537.0,0.0,0.47,1.0,168.0
7522.0,12638.0,34400.0,0.0,0.47,1.0,168.0
7676.0,14393.0,35333.0,0.0,0.45,1.0,168.0
7761.0,14785.0,35340.0,0.0,0.42,1.0,168.0
8331.0,15747.0,35698.0,0.0,0.44,1.0,168.0
8716.0,15751.0,35560.0,0.0,0.53,1.0,168.0
8439.0,15310.0,34844.0,0.0,0.61,1.0,168.0
8013.0,14995.0,33952.0,0.0,0.58,1.0,168.0
7626.0,14527.0,33290.0,0.0,0.43,1.0,168.0
7237.0,12960.0,33050.0,0.0,0.25,1.0,168.0
6943.0,12564.0,33286.0,0.0,0.12,1.0,168.0
6543.0,13215.0,33990.0,0.0,0.07,1.0,168.0
6198.0,13376.0,34698.0,0.01,0.05,1.0,168.0
6219.0,12954.0,35025.0,0.16,0.02,1.0,168.0
6386.0,12577.0,35013.0,0.39,0.03,1.0,168.0
6970.0,12379.0,35255.0,0.58,0.05,1.0,168.0
7774.0,12613.0,35929.0,0.71,0.06,1.0,168.0
8079.0,12336.0,36649.0,0.76,0.1,1.0,168.0
8256.0,12615.0,37236.0,0.77,0.15,1.0,168.0
8179.0,13042.0,36800.0,0.74,0.17,1.0,168.0
8644.0,13509.0,36395.0,0.62,0.17,1.0,168.0
8982.0,13872.0,36064.0,0.47,0.18,1.0,168.0
8925.0,13878.0,35321.0,0.28,0.18,1.0,168.0
8556.0,13574.0,34163.0,0.07,0.17,1.0,168.0
7965.0,12895.0,33684.0,0.0,0.16,1.0,168.0
7781.0,13039.0,34422.0,0.0,0.15,1.0,168.0
7900.0,14439.0,34718.0,0.0,0.15,1.0,168.0
7958.0,14408.0,34757.0,0.0,0.17,1.0,168.0
8526.0,15160.0,34663.0,0.0,0.21,1.0,168.0
8901.0,16041.0,34664.0,0.0,0.25,1.0,168.0
