Load_MW_z1,Load_MW_z2,Load_MW_z3,delhi_solarpv,delhi_onshorewind,maharashtra_solarpv,maharashtra_onshorewind,rajasthan_solarpv,rajasthan_onshorewind,GrpWeight,SubWtAsInGenXInputs
2910.1360166135387,13850.671662549408,29774.095531308805,0.0,0.095,0.0,0.58,0.0,0.664,13.0,2184.0
2652.5571605786718,13395.110626974016,29763.994399699597,0.0,0.084,0.0,0.5720000000000001,0.0,0.6940000000000001,13.0,2184.0
2531.343581268146,13190.057655307042,29911.470921194068,0.0,0.048,0.0,0.565,0.0,0.665,13.0,2184.0
2442.453623107094,12708.233677547703,29923.59227912512,0.0,0.016,0.0,0.5579999999999999,0.0,0.59,13.0,2184.0
2503.0604127623565,11667.817121799024,30515.518591424854,0.0,0.004,0.0,0.52,0.0,0.496,13.0,2184.0
2918.2169219009074,12778.941598812176,31907.45452717406,0.0,0.002,0.0,0.503,0.0,0.401,13.0,2184.0
3776.813108683798,16136.557745713739,34113.54167062563,0.081,0.001,0.025,0.521,0.023,0.289,13.0,2184.0
4678.844161386293,18158.804293877678,35610.52937511062,0.264,0.0,0.109,0.894,0.175,0.16,13.0,2184.0
5238.446852536555,18262.845949452545,36224.67817695062,0.429,0.005,0.231,0.9490000000000001,0.359,0.11699999999999999,13.0,2184.0
5518.248198111684,17360.81489675005,36270.13326919207,0.573,0.027000000000000003,0.359,0.95,0.507,0.059000000000000004,13.0,2184.0
5589.966232537079,16375.954564852027,36455.99409080154,0.659,0.059000000000000004,0.447,0.948,0.608,0.021,13.0,2184.0
5518.248198111684,15233.516579850322,37866.11206344732,0.693,0.105,0.451,0.9490000000000001,0.667,0.009000000000000001,13.0,2184.0
5255.618776272212,13990.067278756513,37703.483844539034,0.684,0.129,0.45399999999999996,0.956,0.6759999999999999,0.006999999999999999,13.0,2184.0
4637.429521788531,13231.472294904806,35382.243800742464,0.629,0.135,0.371,0.963,0.637,0.006999999999999999,13.0,2184.0
4500.054131903268,13605.214164445593,35640.83276993825,0.502,0.13,0.272,0.9670000000000001,0.551,0.008,13.0,2184.0
4414.194513224979,13926.430149618487,36824.68539453772,0.353,0.124,0.2,0.9670000000000001,0.413,0.009000000000000001,13.0,2184.0
4382.881005236427,14141.58425289467,36903.474221089564,0.179,0.11199999999999999,0.1,0.9590000000000001,0.23,0.018000000000000002,13.0,2184.0
4688.945292995504,15305.234614275718,35819.622799421275,0.032,0.1,0.02,0.9209999999999999,0.071,0.083,13.0,2184.0
5154.607460180107,16130.497066748214,35282.24259781128,0.0,0.11699999999999999,0.0,0.836,0.0,0.396,13.0,2184.0
4991.979241271819,15739.583273471768,34044.853975683,0.0,0.138,0.0,0.758,0.0,0.7559999999999999,13.0,2184.0
4641.469974432215,14191.079797779801,32746.858563899452,0.0,0.156,0.0,0.732,0.0,0.86,13.0,2184.0
4109.140338626823,13472.889340364936,31868.06011389814,0.0,0.16,0.0,0.7120000000000001,0.0,0.8540000000000001,13.0,2184.0
3717.216432189456,14583.003704217168,30796.33005016091,0.0,0.162,0.0,0.706,0.0,0.8490000000000001,13.0,2184.0
3247.5138123611687,14998.160213355719,30695.318734068802,0.0,0.159,0.0,0.735,0.0,0.807,13.0,2184.0
2832.357303222618,14430.47661691809,30722.59178941367,0.0,0.152,0.0,0.7559999999999999,0.0,0.6990000000000001,13.0,2184.0
2567.7076550613037,13891.07618898625,30519.55904406854,0.0,0.14400000000000002,0.0,0.725,0.0,0.565,13.0,2184.0
2429.32215201512,13735.518762204409,30500.36689401104,0.0,0.12300000000000001,0.0,0.6759999999999999,0.0,0.441,13.0,2184.0
2361.64457023341,13107.228376111518,30554.91300470078,0.0,0.08800000000000001,0.0,0.6609999999999999,0.0,0.359,13.0,2184.0
2403.0592098311727,12154.691665362969,31067.040377287747,0.0,0.059000000000000004,0.0,0.645,0.0,0.34700000000000003,13.0,2184.0
2705.083044946566,13224.401502778359,32367.056015393136,0.0,0.06,0.0,0.604,0.0,0.419,13.0,2184.0
3284.8879993152477,16787.070621346895,33857.9830409126,0.067,0.07200000000000001,0.028999999999999998,0.51,0.02,0.48700000000000004,13.0,2184.0
4056.614454258928,18802.246377384385,34835.77258068418,0.21899999999999997,0.03,0.126,0.669,0.162,0.524,13.0,2184.0
4708.137443053004,19072.956704511227,35067.0884945351,0.38299999999999995,0.01,0.222,0.7609999999999999,0.33299999999999996,0.55,13.0,2184.0
5072.788294145503,18670.93166646465,34895.36925717852,0.528,0.0,0.309,0.775,0.47700000000000004,0.491,13.0,2184.0
5291.982850065369,18082.03569364768,35122.64471838575,0.626,0.0,0.345,0.753,0.5770000000000001,0.391,13.0,2184.0
5269.760360525107,16734.544736978998,36646.905478215616,0.6409999999999999,0.002,0.314,0.74,0.634,0.335,13.0,2184.0
5039.454559835108,15480.994304275979,36616.60208338799,0.634,0.006999999999999999,0.28300000000000003,0.745,0.652,0.32,13.0,2184.0
4502.074358225111,15661.804560080847,36212.55681901956,0.5820000000000001,0.015,0.22699999999999998,0.763,0.625,0.33799999999999997,13.0,2184.0
4316.213536615637,15788.068705195978,36287.30519292772,0.5,0.022000000000000002,0.163,0.797,0.5539999999999999,0.33399999999999996,13.0,2184.0
4122.271809718796,16051.70824019637,36111.54550292746,0.354,0.026000000000000002,0.10400000000000001,0.826,0.428,0.318,13.0,2184.0
4092.978528052086,16095.143106115976,36033.76678953654,0.18,0.027000000000000003,0.049,0.8220000000000001,0.261,0.33799999999999997,13.0,2184.0
4356.61806305248,15551.702225540454,34921.632199362466,0.033,0.025,0.008,0.8009999999999999,0.08900000000000001,0.445,13.0,2184.0
4713.188008857609,16209.285893300055,34166.067554993526,0.0,0.024,0.0,0.8170000000000001,0.001,0.693,13.0,2184.0
4528.337300409057,14806.23871278072,33219.5915232105,0.0,0.024,0.0,0.7809999999999999,0.0,0.857,13.0,2184.0
4293.991047075375,13143.592449904674,31820.58479533485,0.0,0.022000000000000002,0.0,0.7240000000000001,0.0,0.9059999999999999,13.0,2184.0
4011.1593620174813,12540.554892834809,31484.21711274814,0.0,0.015,0.0,0.6779999999999999,0.0,0.92,13.0,2184.0
3697.0141689710354,13675.922085710066,30874.108763551827,0.0,0.01,0.0,0.635,0.0,0.919,13.0,2184.0
3314.181280981958,13993.097618239275,30494.306215045515,0.0,0.008,0.0,0.598,0.0,0.914,13.0,2184.0
2983.8742773607755,13441.575832376384,30855.92672665525,0.0,0.012,0.0,0.541,0.0,0.8809999999999999,13.0,2184.0
2809.124700521434,12934.499025594017,30434.70953855117,0.0,0.018000000000000002,0.0,0.47200000000000003,0.0,0.86,13.0,2184.0
2714.1740633948557,12334.491808006915,30471.07361234433,0.0,0.027000000000000003,0.0,0.447,0.0,0.816,13.0,2184.0
2667.7088579924875,11833.475680190075,30612.489454873277,0.0,0.032,0.0,0.428,0.0,0.743,13.0,2184.0
2748.5179108661714,11124.3762412235,31142.798864356828,0.0,0.027000000000000003,0.0,0.47100000000000003,0.0,0.66,13.0,2184.0
3161.65419368288,12376.9165607656,32436.75382349669,0.0,0.022000000000000002,0.0,0.491,0.0,0.5479999999999999,13.0,2184.0
4126.31226236248,16082.011635024002,34927.692878327995,0.066,0.018000000000000002,0.016,0.435,0.016,0.512,13.0,2184.0
4755.612761616293,18418.403376234386,36558.01552005456,0.22899999999999998,0.006999999999999999,0.073,0.622,0.146,0.628,13.0,2184.0
4903.089283110767,19215.382660201092,36508.51997516943,0.4,0.027000000000000003,0.174,0.745,0.337,0.684,13.0,2184.0
5028.343315064976,17968.903019624522,36441.85250654865,0.53,0.01,0.298,0.779,0.485,0.69,13.0,2184.0
5801.079883169577,16108.27457720795,37110.54741907838,0.608,0.0,0.385,0.782,0.584,0.63,13.0,2184.0
5670.775285410763,15308.26495375848,38472.17995999995,0.626,0.0,0.43200000000000005,0.789,0.637,0.537,13.0,2184.0
5379.862695065501,14354.71812984901,38248.944951436395,0.5920000000000001,0.005,0.41100000000000003,0.8140000000000001,0.6409999999999999,0.446,13.0,2184.0
4832.381361846293,13808.246909790725,37575.19947310206,0.486,0.024,0.366,0.8390000000000001,0.599,0.377,13.0,2184.0
4743.491403685241,13753.700799100987,37307.51948545798,0.322,0.039,0.326,0.8640000000000001,0.528,0.335,13.0,2184.0
4718.238574662215,14225.423645251118,37084.28447689443,0.191,0.042,0.222,0.883,0.40700000000000003,0.304,13.0,2184.0
4763.693666903661,14369.869827262826,36254.98157177825,0.08199999999999999,0.046,0.099,0.878,0.25,0.301,13.0,2184.0
5149.5568943755015,14890.078105137167,35214.56501602957,0.013999999999999999,0.091,0.018000000000000002,0.8059999999999999,0.086,0.365,13.0,2184.0
5119.253499547871,15223.415448241112,34539.80942453431,0.0,0.222,0.0,0.7290000000000001,0.001,0.57,13.0,2184.0
4746.521743168004,13510.263527319015,33826.669532924054,0.0,0.365,0.0,0.718,0.0,0.773,13.0,2184.0
4351.567497247875,11590.038408408103,32994.33628832511,0.0,0.42200000000000004,0.0,0.68,0.0,0.8540000000000001,13.0,2184.0
3929.340195982876,10952.657003866922,31838.766832231428,0.0,0.418,0.0,0.6609999999999999,0.0,0.89,13.0,2184.0
3601.0534186835357,11602.159766339155,30987.241437574987,0.0,0.415,0.0,0.642,0.0,0.904,13.0,2184.0
3097.0069513839326,11881.961111914286,30432.68931222933,0.0,0.42,0.0,0.604,0.0,0.893,13.0,2184.0
2772.7606267282763,11410.238265764157,30417.537614815516,0.0,0.419,0.0,0.564,0.0,0.861,13.0,2184.0
2628.3144447165664,11101.143638522315,30267.030753838277,0.0,0.40299999999999997,0.0,0.494,0.0,0.818,13.0,2184.0
2500.0300732795936,10910.232251108238,30214.504869470384,0.0,0.336,0.0,0.507,0.0,0.763,13.0,2184.0
2290.9366489689364,10643.562376625081,30407.436483206304,0.0,0.268,0.0,0.5589999999999999,0.0,0.718,13.0,2184.0
2420.2311335668305,10145.576588291005,31074.111169414195,0.0,0.22899999999999998,0.0,0.5820000000000001,0.0,0.654,13.0,2184.0
2989.9349563263017,11174.881899269552,32460.996539358795,0.0,0.2,0.0,0.61,0.0,0.601,13.0,2184.0
4305.1022918455055,13737.53898852625,35267.09090039747,0.057999999999999996,0.114,0.012,0.584,0.021,0.603,13.0,2184.0
5164.708591789317,16066.859937610187,37181.255340342854,0.21,0.155,0.06,0.773,0.165,0.732,13.0,2184.0
5366.731223973527,16322.418567323213,37308.5295986189,0.379,0.19899999999999998,0.122,0.917,0.337,0.735,13.0,2184.0
5619.259514203789,16263.832003989792,36723.67407844561,0.53,0.21,0.187,0.9390000000000001,0.47100000000000003,0.6509999999999999,13.0,2184.0
5802.089996330499,15465.842606862163,36957.01021861838,0.634,0.21,0.313,0.943,0.531,0.513,13.0,2184.0
5596.026911502605,14793.107241688745,37934.799758389956,0.67,0.17300000000000001,0.49200000000000005,0.9470000000000001,0.542,0.341,13.0,2184.0
5354.609866042475,13941.581847032303,37883.28398718298,0.667,0.124,0.5870000000000001,0.951,0.512,0.18899999999999997,13.0,2184.0
4829.351022363529,13949.662752319671,37459.03645959614,0.615,0.095,0.5529999999999999,0.956,0.45299999999999996,0.092,13.0,2184.0
4830.361135524451,14091.078594848617,37445.90498850417,0.516,0.081,0.441,0.955,0.36,0.049,13.0,2184.0
4760.663327420899,14163.806742434934,37238.83179051535,0.366,0.078,0.34600000000000003,0.948,0.26,0.037000000000000005,13.0,2184.0
4780.86559063932,14394.112543124931,36601.45038597417,0.19,0.09,0.191,0.93,0.147,0.05,13.0,2184.0
5150.567007536423,14763.813960022035,35167.08969746628,0.033,0.13,0.044000000000000004,0.867,0.048,0.10800000000000001,13.0,2184.0
5433.398692594316,15694.12818123032,34585.26451677576,0.0,0.256,0.0,0.769,0.0,0.282,13.0,2184.0
5274.810926329712,15566.85392295427,33562.01988476273,0.0,0.369,0.0,0.6679999999999999,0.0,0.521,13.0,2184.0
4863.694869834845,14361.788921975458,32143.821006829585,0.0,0.42200000000000004,0.0,0.594,0.0,0.655,13.0,2184.0
4357.6281762134,13806.226683468882,31443.8125863113,0.0,0.402,0.0,0.507,0.0,0.75,13.0,2184.0
3842.470464143666,14355.728243009933,30591.277078493935,0.0,0.327,0.0,0.439,0.0,0.823,13.0,2184.0
3303.0700362118264,14684.015020309273,30166.019437746174,0.0,0.237,0.0,0.37799999999999995,0.0,0.866,13.0,2184.0
2857.6101322456443,14098.149386975065,30451.88146228683,0.0,0.16399999999999998,0.0,0.379,0.0,0.868,13.0,2184.0
2597.000936728014,13664.810840939936,30186.221700964594,0.0,0.121,0.0,0.408,0.0,0.857,13.0,2184.0
2463.665999486436,13093.086791858623,30139.756495562226,0.0,0.12,0.0,0.408,0.0,0.8140000000000001,13.0,2184.0
2426.2918125323567,12412.270521397837,30218.545322114067,0.0,0.14400000000000002,0.0,0.41,0.0,0.7390000000000001,13.0,2184.0
2518.2121101761722,11327.408986568631,30696.328847229724,0.0,0.18600000000000003,0.0,0.436,0.0,0.67,13.0,2184.0
3123.26989356788,12351.663731742574,32351.904317979323,0.0,0.271,0.0,0.474,0.0,0.552,13.0,2184.0
4530.3575267309,15407.256043528743,34673.14436177589,0.07,0.272,0.032,0.451,0.02,0.434,13.0,2184.0
5437.4391452380005,16949.698840255183,36489.32782511193,0.24,0.371,0.14,0.6609999999999999,0.171,0.46,13.0,2184.0
5631.380872134841,17840.61864818755,37045.90017677943,0.414,0.281,0.306,0.732,0.359,0.43200000000000005,13.0,2184.0
5815.221467422472,17372.936254681103,36651.95604402022,0.5529999999999999,0.13699999999999998,0.419,0.7390000000000001,0.508,0.324,13.0,2184.0
5996.03172322734,16230.498269679398,37076.20357160706,0.639,0.077,0.46299999999999997,0.755,0.607,0.155,13.0,2184.0
5813.201241100631,15480.994304275979,38244.90449879271,0.65,0.049,0.502,0.792,0.662,0.036000000000000004,13.0,2184.0
5477.843671674843,14534.518272492958,38003.487453332586,0.637,0.033,0.46399999999999997,0.826,0.674,0.002,13.0,2184.0
4930.362338455635,14199.16070306717,37535.80505982614,0.575,0.028999999999999998,0.32,0.8420000000000001,0.639,0.0,13.0,2184.0
4892.988151501556,14347.647337722563,37268.12507218206,0.46799999999999997,0.034,0.228,0.84,0.564,0.001,13.0,2184.0
4807.128532823267,14803.208373297957,37214.589074653246,0.311,0.052000000000000005,0.159,0.835,0.43700000000000006,0.002,13.0,2184.0
4784.906043283004,15429.478533069007,36629.73355447996,0.146,0.09,0.109,0.8059999999999999,0.268,0.01,13.0,2184.0
5123.293952191555,16085.041974506767,35104.462681489174,0.026000000000000002,0.17,0.034,0.735,0.08800000000000001,0.039,13.0,2184.0
5518.248198111684,17218.38894106018,34847.89393861523,0.0,0.341,0.0,0.735,0.0,0.163,13.0,2184.0
5358.650318686159,16211.306119621897,33942.83254642997,0.0,0.42,0.0,0.6990000000000001,0.0,0.391,13.0,2184.0
4881.876906731424,14203.201155710854,32459.986426197873,0.0,0.41,0.0,0.6629999999999999,0.0,0.545,13.0,2184.0
4279.84946282248,13173.895844732306,31414.51930464459,0.0,0.361,0.0,0.642,0.0,0.639,13.0,2184.0
3931.360422304718,13903.197546917303,30688.247941942354,0.0,0.29,0.0,0.5589999999999999,0.0,0.716,13.0,2184.0
3358.626260062484,14198.150589906249,30114.5036665392,0.0,0.23199999999999998,0.0,0.409,0.0,0.7809999999999999,13.0,2184.0
2873.7719428203814,13599.153485480067,30212.484643148542,0.0,0.184,0.0,0.281,0.0,0.779,13.0,2184.0
2598.0110498889353,13053.692378582702,30171.07000355078,0.0,0.14400000000000002,0.0,0.254,0.0,0.7120000000000001,13.0,2184.0
2488.918828509462,12514.291950650862,30277.13188544749,0.0,0.092,0.0,0.24,0.0,0.639,13.0,2184.0
2419.2210204059097,12063.781480880074,30183.19136148183,0.0,0.045,0.0,0.26,0.0,0.588,13.0,2184.0
2482.8581495439357,11211.24597306271,30634.71194441354,0.0,0.016,0.0,0.27399999999999997,0.0,0.531,13.0,2184.0
3062.6631039126173,12242.5715103631,32276.14583091024,0.0,0.003,0.0,0.282,0.0,0.486,13.0,2184.0
4416.214739546821,15998.172242667555,34989.30978114418,0.075,0.001,0.053,0.275,0.017,0.45899999999999996,13.0,2184.0
5323.296358053923,18655.779969050833,36520.64133310049,0.257,0.0,0.223,0.387,0.149,0.47200000000000003,13.0,2184.0
5576.834761445105,18929.520635660436,36760.038152238776,0.434,0.0,0.423,0.465,0.325,0.433,13.0,2184.0
5822.29225954892,18149.71327542939,36441.85250654865,0.562,0.0,0.565,0.517,0.473,0.358,13.0,2184.0
5999.062062710103,17353.7441046236,36890.34274999759,0.639,0.001,0.657,0.561,0.579,0.19,13.0,2184.0
5786.938298916683,15908.272171345583,38327.73377798824,0.674,0.001,0.6990000000000001,0.632,0.653,0.11699999999999999,13.0,2184.0
5534.410008686421,14839.572447091114,37788.333350056404,0.6609999999999999,0.002,0.6970000000000001,0.718,0.67,0.092,13.0,2184.0
4892.988151501556,14552.700309389536,37066.10243999785,0.5870000000000001,0.004,0.64,0.769,0.637,0.083,13.0,2184.0
4886.927472536029,14638.559928067825,37381.25774620522,0.461,0.009000000000000001,0.524,0.804,0.555,0.07200000000000001,13.0,2184.0
4834.401588168135,15048.66587140177,37077.21368476798,0.318,0.01,0.35,0.841,0.42200000000000004,0.063,13.0,2184.0
4823.290343398004,15734.532707667162,36506.49974884759,0.161,0.006,0.179,0.8690000000000001,0.242,0.069,13.0,2184.0
5189.961420812344,16087.062200828608,35628.7114120072,0.022000000000000002,0.006,0.044000000000000004,0.845,0.075,0.11,13.0,2184.0
5622.289853686552,16829.49537410558,35091.331210397206,0.0,0.02,0.0,0.763,0.0,0.262,13.0,2184.0
5450.570616329975,15792.109157839663,33849.902135625234,0.0,0.036000000000000004,0.0,0.6779999999999999,0.0,0.52,13.0,2184.0
5027.333201904055,13775.92328864125,32814.53614568116,0.0,0.038,0.0,0.5720000000000001,0.0,0.71,13.0,2184.0
4523.286734604452,13302.18021616928,32267.054812461953,0.0,0.03,0.0,0.517,0.0,0.805,13.0,2184.0
4038.4324173623495,13920.36947065296,31434.72156786301,0.0,0.02,0.0,0.479,0.0,0.835,13.0,2184.0
3429.3341813269576,14466.840690711248,30941.786345333538,0.0,0.011000000000000001,0.0,0.499,0.0,0.8079999999999999,13.0,2184.0
2931.3483929928807,13733.498535882567,31310.477649069722,0.0,0.006,0.0,0.512,0.0,0.765,13.0,2184.0
2667.7088579924875,13280.967839789937,31077.14150889696,0.0,0.004,0.0,0.494,0.0,0.688,13.0,2184.0
2505.0806390841985,13101.167697145991,31172.092146023537,0.0,0.003,0.0,0.46799999999999997,0.0,0.61,13.0,2184.0
2475.7873574174882,12471.867197892178,31186.23373027643,0.0,0.003,0.0,0.45,0.0,0.5379999999999999,13.0,2184.0
2579.829012992356,11614.281124270208,31951.899506254587,0.0,0.003,0.0,0.47700000000000004,0.0,0.444,13.0,2184.0
3221.2508701772217,12561.767269214151,33715.55708522273,0.0,0.004,0.0,0.523,0.0,0.36,13.0,2184.0
4658.641898167873,16079.99140870216,36193.364668962065,0.065,0.003,0.05,0.498,0.015,0.33799999999999997,13.0,2184.0
5582.895440410632,18041.631167210835,37402.47012258456,0.24100000000000002,0.0,0.215,0.5589999999999999,0.142,0.409,13.0,2184.0
5955.627196790499,18300.220136406624,36938.8281817218,0.419,0.002,0.426,0.648,0.324,0.413,13.0,2184.0
6200.074581733392,17503.240852439918,36174.17251890457,0.555,0.017,0.562,0.649,0.489,0.35600000000000004,13.0,2184.0
6458.66355092918,16153.729669449398,36367.10413264049,0.6409999999999999,0.05,0.5920000000000001,0.637,0.605,0.247,13.0,2184.0
6208.15548702076,15529.47973600019,37294.388014366006,0.6559999999999999,0.086,0.617,0.648,0.667,0.151,13.0,2184.0
5874.818143916815,14908.260142033745,37444.89487534324,0.642,0.142,0.68,0.68,0.675,0.111,13.0,2184.0
5238.446852536555,14783.006110079536,37297.41835384877,0.5820000000000001,0.22699999999999998,0.627,0.715,0.64,0.099,13.0,2184.0
5126.3242916743175,14932.50285789585,37146.911492871535,0.47600000000000003,0.278,0.508,0.732,0.568,0.113,13.0,2184.0
5004.100599202871,15408.266156689664,36980.24282131956,0.326,0.255,0.331,0.763,0.444,0.134,13.0,2184.0
4840.462267133661,15934.53511352953,36293.36587189325,0.156,0.205,0.131,0.7909999999999999,0.27399999999999997,0.159,13.0,2184.0
5246.527757823923,16150.699329966634,35049.91657079944,0.023,0.165,0.023,0.77,0.09,0.21600000000000003,13.0,2184.0
5676.835964376289,16490.097352036108,34785.266922638126,0.0,0.159,0.0,0.745,0.0,0.38299999999999995,13.0,2184.0
5533.3998955255,15489.075209563347,33610.505316486946,0.0,0.147,0.0,0.6809999999999999,0.0,0.594,13.0,2184.0
5130.3647443180025,13640.56812507783,32751.909129704054,0.0,0.16,0.0,0.6,0.0,0.7090000000000001,13.0,2184.0
4619.247484891952,12683.990961685598,32066.042293438666,0.0,0.222,0.0,0.607,0.0,0.773,13.0,2184.0
4117.221243914191,13519.354545767304,31351.892288667485,0.0,0.31,0.0,0.54,0.0,0.8059999999999999,13.0,2184.0
3501.052215752352,13936.531281227697,30600.368096942224,0.0,0.387,0.0,0.46,0.0,0.815,13.0,2184.0
8783.944047369432,15990.091337380187,34354.958716085755,0.0,0.765,0.0,0.725,0.0,0.268,21.0,3528.0
8387.979688288382,15486.044870080585,33499.39286878563,0.0,0.737,0.0,0.7240000000000001,0.0,0.285,21.0,3528.0
7986.964763402725,14999.17032651664,32663.019171543005,0.0,0.701,0.0,0.7070000000000001,0.0,0.34600000000000003,21.0,3528.0
7625.344251792991,14180.978666170591,32418.57178660011,0.0,0.68,0.0,0.6709999999999999,0.0,0.44299999999999995,21.0,3528.0
7308.168719263781,13322.382479387701,32185.235646427347,0.0,0.654,0.0,0.614,0.0,0.532,21.0,3528.0
6812.203157251547,14185.019118814274,32734.7372059684,0.0,0.618,0.0,0.551,0.0,0.622,21.0,3528.0
6449.572532480891,15133.515376919138,32963.022780336556,0.053,0.505,0.044000000000000004,0.433,0.008,0.696,21.0,3528.0
6364.723026963523,15468.872946344927,33062.01387010682,0.261,0.228,0.261,0.321,0.149,0.597,21.0,3528.0
6383.915177021023,15036.544513470719,33727.67844315379,0.465,0.29,0.46399999999999997,0.479,0.313,0.392,21.0,3528.0
6806.14247828602,14193.100024101643,34054.955107292204,0.611,0.257,0.613,0.423,0.51,0.261,21.0,3528.0
7393.018224781149,14033.502144676118,34474.152069074444,0.7090000000000001,0.1,0.705,0.29,0.6759999999999999,0.141,21.0,3528.0
7793.023036505884,13980.976260308224,35124.6649447076,0.66,0.044000000000000004,0.743,0.17600000000000002,0.752,0.098,21.0,3528.0
8022.3187240349625,14051.684181572697,35366.081990167724,0.574,0.047,0.737,0.105,0.698,0.086,21.0,3528.0
8064.743476793647,13847.641323066646,35074.15928666155,0.526,0.069,0.6859999999999999,0.067,0.439,0.10300000000000001,21.0,3528.0
8493.03145702417,13595.113032836383,35347.899953271146,0.444,0.10099999999999999,0.588,0.036000000000000004,0.5329999999999999,0.092,21.0,3528.0
8825.358686967194,12971.873212548096,35014.5626101672,0.31,0.13699999999999998,0.43700000000000006,0.017,0.47200000000000003,0.076,21.0,3528.0
8645.558544323248,12876.922575421519,34374.15086614326,0.106,0.24,0.23800000000000002,0.011000000000000001,0.172,0.073,21.0,3528.0
7846.5590340347,12772.88091984665,33608.48509016511,0.005,0.39399999999999996,0.042,0.021,0.03,0.08199999999999999,21.0,3528.0
7346.553019378781,12702.172998582177,32836.75863522142,0.0,0.525,0.0,0.047,0.0,0.14300000000000002,21.0,3528.0
7212.207968976281,13426.424134962568,33724.648103671025,0.0,0.691,0.0,0.11199999999999999,0.0,0.272,21.0,3528.0
7253.6226085740445,15011.291684447693,34388.292450396155,0.0,0.7070000000000001,0.0,0.253,0.0,0.322,21.0,3528.0
7442.5137696662805,14749.672375769142,34290.31147378681,0.0,0.7070000000000001,0.0,0.415,0.0,0.354,21.0,3528.0
8036.460308287857,14794.117354849666,34042.833749361154,0.0,0.718,0.0,0.524,0.0,0.41700000000000004,21.0,3528.0
8610.204583691011,14828.461202320983,34149.905744418786,0.0,0.6990000000000001,0.0,0.586,0.0,0.397,21.0,3528.0
8502.122475472459,13654.709709330726,33680.2031245905,0.0,0.685,0.0,0.613,0.0,0.264,21.0,3528.0
7847.569147195621,11650.645198063366,33150.90382826787,0.0,0.632,0.0,0.622,0.0,0.14400000000000002,21.0,3528.0
7358.674377309833,11182.96280455692,32471.097670968004,0.0,0.526,0.0,0.61,0.0,0.185,21.0,3528.0
6943.517868171283,10888.009761567975,32062.00184079498,0.0,0.428,0.0,0.5760000000000001,0.0,0.23600000000000002,21.0,3528.0
6623.311996159311,11193.06393616613,31914.52531930051,0.0,0.355,0.0,0.531,0.0,0.27,21.0,3528.0
6162.700394779313,12341.562600133362,32075.133311886955,0.0,0.301,0.0,0.47600000000000003,0.0,0.295,21.0,3528.0
5817.241693744315,13719.356951629672,32713.524829589056,0.023,0.237,0.044000000000000004,0.359,0.006,0.342,21.0,3528.0
5692.997774951025,14540.578951458483,32637.76634251998,0.141,0.08199999999999999,0.258,0.203,0.147,0.292,21.0,3528.0
5668.7550590889205,14151.68538450388,32312.5099047034,0.258,0.022000000000000002,0.45899999999999996,0.16899999999999998,0.376,0.19699999999999998,21.0,3528.0
5852.5956543765515,13612.28495657204,32201.397457002084,0.3,0.025,0.606,0.069,0.5479999999999999,0.132,21.0,3528.0
6230.377976561023,13282.988066111779,32846.85976683063,0.225,0.06,0.6990000000000001,0.016,0.6809999999999999,0.075,21.0,3528.0
6532.401811676416,12928.43834662849,33243.8342390726,0.23600000000000002,0.095,0.7390000000000001,0.001,0.73,0.055,21.0,3528.0
6793.011007194047,13002.176607375728,33594.34350591221,0.266,0.09699999999999999,0.7340000000000001,0.0,0.711,0.046,21.0,3528.0
6823.314402021679,13055.712604904544,33285.24887867037,0.261,0.048,0.6829999999999999,0.0,0.619,0.038,21.0,3528.0
7306.148492941939,13110.25871559428,33354.946686773925,0.228,0.013999999999999999,0.573,0.001,0.513,0.022000000000000002,21.0,3528.0
7507.161011965228,13435.515153410857,33264.03650229103,0.177,0.006,0.406,0.002,0.354,0.008,21.0,3528.0
7532.4138409882535,13530.465790537435,32418.57178660011,0.106,0.02,0.215,0.003,0.179,0.001,21.0,3528.0
7228.369779551019,13179.956523697832,31776.139816254323,0.012,0.114,0.038,0.006,0.039,0.0,21.0,3528.0
6853.617796849309,12663.788698467177,31432.701341541167,0.0,0.255,0.0,0.034,0.0,0.001,21.0,3528.0
6823.314402021679,13212.280144847306,32385.238052289715,0.0,0.369,0.0,0.109,0.0,0.047,21.0,3528.0
7144.530387194572,14957.755686918877,33219.5915232105,0.0,0.439,0.0,0.237,0.0,0.159,21.0,3528.0
7479.88795662036,15138.565942723744,33439.79619229129,0.0,0.47100000000000003,0.0,0.38799999999999996,0.0,0.28,21.0,3528.0
8248.584072081278,15689.077615425715,33365.04781838313,0.0,0.508,0.0,0.486,0.0,0.395,21.0,3528.0
8740.509181449826,16243.62974077137,33178.17688361274,0.0,0.562,0.0,0.545,0.0,0.48100000000000004,21.0,3528.0
8554.648359840354,16169.891480024135,32780.19229820985,0.0,0.601,0.0,0.57,0.0,0.531,21.0,3528.0
8159.6941139202245,15709.279878644136,32235.741304473402,0.0,0.596,0.0,0.5589999999999999,0.0,0.545,21.0,3528.0
7735.446586333384,15046.645645079929,31978.162448438532,0.0,0.537,0.0,0.512,0.0,0.551,21.0,3528.0
7317.259737712071,14300.172019159274,31510.480054932086,0.0,0.47200000000000003,0.0,0.442,0.0,0.541,21.0,3528.0
6992.003299895493,13600.16359864099,31527.651978667745,0.0,0.42,0.0,0.391,0.0,0.536,21.0,3528.0
6516.24000110168,14428.456390596248,32053.920935507613,0.0,0.37,0.0,0.382,0.0,0.54,21.0,3528.0
6184.922884319576,15407.256043528743,32656.958492577476,0.046,0.321,0.027999999999999997,0.33,0.006999999999999999,0.536,21.0,3528.0
6187.953223802339,15686.047275942952,32888.2744064284,0.221,0.14300000000000002,0.171,0.21600000000000003,0.16,0.359,21.0,3528.0
6382.905063860101,15292.103143183744,33455.95800286603,0.41,0.102,0.319,0.18600000000000003,0.382,0.293,21.0,3528.0
7006.144884148388,14594.114948987299,34004.44944924615,0.545,0.11199999999999999,0.455,0.12,0.561,0.21899999999999997,21.0,3528.0
7817.265752367989,14051.684181572697,34808.499525339306,0.623,0.066,0.49700000000000005,0.064,0.684,0.127,21.0,3528.0
8159.6941139202245,13742.589554330856,35294.36395574233,0.593,0.063,0.545,0.025,0.736,0.106,21.0,3528.0
8382.929122483776,13747.640120135462,35152.94811321339,0.523,0.085,0.49200000000000005,0.006,0.75,0.124,21.0,3528.0
8317.271767023909,13408.24209806599,34409.5048267755,0.45,0.136,0.48200000000000004,0.001,0.711,0.152,21.0,3528.0
8878.89468449601,13774.91317548033,33975.156167579444,0.34,0.204,0.431,0.0,0.62,0.17,21.0,3528.0
9156.675803749298,14084.00780272217,34037.78318355655,0.233,0.28300000000000003,0.331,0.001,0.473,0.183,21.0,3528.0
9023.34086650772,13887.035736342566,33807.47738286655,0.11599999999999999,0.41200000000000003,0.205,0.003,0.27699999999999997,0.193,21.0,3528.0
8591.012433633512,13441.575832376384,33163.02518619892,0.012,0.642,0.043,0.023,0.07400000000000001,0.222,21.0,3528.0
7983.934423919963,12707.223564386783,33049.892512175764,0.0,0.777,0.0,0.098,0.0,0.317,21.0,3528.0
7642.516175528648,13359.756666341778,33717.57731154458,0.0,0.745,0.0,0.179,0.0,0.397,21.0,3528.0
7866.761297253121,15008.261344964929,33703.43572729168,0.0,0.622,0.0,0.243,0.0,0.483,21.0,3528.0
8107.168229552331,14818.360070711771,32147.861459473268,0.0,0.469,0.0,0.28,0.0,0.545,21.0,3528.0
8823.338460645353,15753.724857724663,31215.52701194314,0.0,0.397,0.0,0.29,0.0,0.5589999999999999,21.0,3528.0
9248.596101393114,16488.077125714266,31298.35629113867,0.0,0.384,0.0,0.266,0.0,0.561,21.0,3528.0
9121.321843117063,16171.911706345976,31382.195683495116,0.0,0.42100000000000004,0.0,0.22699999999999998,0.0,0.5710000000000001,21.0,3528.0
8720.306918231407,15758.775423529267,30650.873754988275,0.0,0.479,0.0,0.20199999999999999,0.0,0.59,21.0,3528.0
8288.988598518119,15096.141189965061,29707.428062688017,0.0,0.499,0.0,0.205,0.0,0.59,21.0,3528.0
7868.781523574963,14409.264240538747,29542.779617457887,0.0,0.479,0.0,0.23800000000000002,0.0,0.56,21.0,3528.0
7442.5137696662805,13620.365861859409,29312.473816767888,0.0,0.442,0.0,0.303,0.0,0.525,21.0,3528.0
6924.325718113783,14030.471805193354,30770.06710797696,0.0,0.41600000000000004,0.0,0.386,0.0,0.528,21.0,3528.0
6558.664753860364,14730.48022571164,31318.55855435709,0.064,0.335,0.047,0.387,0.01,0.581,21.0,3528.0
6522.300680067206,14873.91629456243,31480.17666010446,0.284,0.106,0.263,0.27899999999999997,0.187,0.455,21.0,3528.0
6579.877130239705,14023.401013066907,32049.880482863926,0.495,0.18600000000000003,0.46399999999999997,0.303,0.414,0.29,21.0,3528.0
7123.318010815229,13339.554403123358,32633.725889876292,0.645,0.282,0.612,0.251,0.589,0.243,21.0,3528.0
7893.024239437068,13026.419323237833,33201.409486313925,0.738,0.191,0.703,0.175,0.71,0.151,21.0,3528.0
8331.413351276802,12948.640609846912,33833.7403250505,0.7879999999999999,0.134,0.7490000000000001,0.109,0.774,0.086,21.0,3528.0
8714.24623926588,13098.137357663227,33887.27632257932,0.777,0.11800000000000001,0.743,0.057,0.785,0.054000000000000006,21.0,3528.0
8691.013636564696,13643.598464560593,33642.82893763642,0.716,0.124,0.6940000000000001,0.023,0.743,0.05,21.0,3528.0
9299.101759439167,14146.634818699275,34033.74273091287,0.601,0.139,0.596,0.009000000000000001,0.6559999999999999,0.076,21.0,3528.0
9628.398649899429,14721.389207263352,34280.210342177605,0.431,0.153,0.449,0.003,0.513,0.124,21.0,3528.0
9486.982807370481,14835.53199444743,33824.64930660221,0.214,0.195,0.253,0.001,0.314,0.153,21.0,3528.0
9005.158829611142,14365.829374619143,33795.3560249355,0.025,0.361,0.05,0.006,0.091,0.19,21.0,3528.0
8338.48414340325,13110.25871559428,33954.95390436102,0.0,0.563,0.0,0.061,0.0,0.308,21.0,3528.0
8033.429968805093,13699.15468841125,34547.890329821676,0.0,0.6729999999999999,0.0,0.165,0.0,0.414,21.0,3528.0
8231.412148345618,15357.76049864361,34784.25680947721,0.0,0.727,0.0,0.21600000000000003,0.0,0.509,21.0,3528.0
8599.09333892088,15662.814673241768,34263.038418441945,0.0,0.747,0.0,0.184,0.0,0.579,21.0,3528.0
9338.496172715088,16868.8897873815,33743.84025372852,0.0,0.736,0.0,0.158,0.0,0.579,21.0,3528.0
9536.478352255614,17147.68101979571,33577.171582176554,0.0,0.715,0.0,0.159,0.0,0.5489999999999999,21.0,3528.0
9356.678209611666,16994.14381933571,32619.584305623397,0.0,0.7040000000000001,0.0,0.177,0.0,0.551,21.0,3528.0
8977.885774266273,16544.643462725842,31833.71626642682,0.0,0.701,0.0,0.185,0.0,0.569,21.0,3528.0
8553.638246679433,16044.637448069925,31275.123688437485,0.0,0.691,0.0,0.16699999999999998,0.0,0.5770000000000001,21.0,3528.0
8118.279474322461,15425.438080425321,31288.255159529457,0.0,0.6709999999999999,0.0,0.14800000000000002,0.0,0.5760000000000001,21.0,3528.0
7803.124168115095,14610.276759562037,31052.898793034852,0.0,0.628,0.0,0.175,0.0,0.589,21.0,3528.0
7271.804645470624,15474.933625310454,31935.73769567985,0.0,0.5589999999999999,0.0,0.237,0.0,0.596,21.0,3528.0
6762.707612366416,16250.700532897818,33140.80269665866,0.06,0.41,0.052000000000000005,0.252,0.009000000000000001,0.563,21.0,3528.0
6670.7873147226,16529.49176531203,33588.282826946685,0.301,0.124,0.26899999999999996,0.253,0.10800000000000001,0.35700000000000004,21.0,3528.0
6788.970554550363,15690.087728586637,34004.44944924615,0.516,0.141,0.465,0.502,0.222,0.171,21.0,3528.0
7504.130672482464,14833.511768125587,34599.40610102865,0.66,0.284,0.605,0.537,0.392,0.237,21.0,3528.0
8201.108753517987,14187.039345136118,35526.68998275417,0.75,0.14400000000000002,0.6940000000000001,0.512,0.614,0.16,21.0,3528.0
8725.35748403601,14534.518272492958,35480.2247773518,0.779,0.068,0.733,0.444,0.742,0.12300000000000001,21.0,3528.0
9076.876864036536,14737.551017838088,35405.47640344365,0.748,0.036000000000000004,0.728,0.355,0.779,0.11199999999999999,21.0,3528.0
9213.242140760878,14744.621809964536,35185.27173436286,0.619,0.031,0.6779999999999999,0.273,0.745,0.092,21.0,3528.0
9757.693134497322,14804.218486458878,35473.153985225355,0.45299999999999996,0.042,0.583,0.20600000000000002,0.655,0.083,21.0,3528.0
9622.337970933902,14081.987576400328,35680.22718321417,0.311,0.061,0.435,0.163,0.509,0.084,21.0,3528.0
9116.271277312457,12973.893438869938,35377.19323493786,0.133,0.091,0.24100000000000002,0.14300000000000002,0.303,0.083,21.0,3528.0
8549.59779403575,12010.245483351258,34266.06875792471,0.01,0.196,0.046,0.212,0.08900000000000001,0.10300000000000001,21.0,3528.0
7940.499558000357,11438.521434269946,33920.61005688971,0.0,0.322,0.0,0.42,0.0,0.217,21.0,3528.0
7580.899272712464,12039.53876501797,35270.12123988023,0.0,0.423,0.0,0.537,0.0,0.325,21.0,3528.0
7697.0622862183845,13117.329507720728,35522.64953011049,0.0,0.499,0.0,0.573,0.0,0.36700000000000005,21.0,3528.0
7737.466812655227,13156.723920996648,35057.997476086806,0.0,0.512,0.0,0.562,0.0,0.348,21.0,3528.0
8554.648359840354,14204.211268871775,34462.03071114339,0.0,0.491,0.0,0.563,0.0,0.29,21.0,3528.0
9086.977995645746,15105.23220841335,33904.44824631497,0.0,0.486,0.0,0.573,0.0,0.215,21.0,3528.0
8911.218305645485,15278.97167209177,32996.35651464695,0.0,0.496,0.0,0.52,0.0,0.14,21.0,3528.0
8520.304512369039,14796.13758117151,32364.025675910372,0.0,0.491,0.0,0.451,0.0,0.08199999999999999,21.0,3528.0
8110.198569035093,14273.909076975327,31791.29151366814,0.0,0.46299999999999997,0.0,0.387,0.0,0.062,21.0,3528.0
7702.1128520229895,13774.91317548033,31309.4675359088,0.0,0.431,0.0,0.336,0.0,0.068,21.0,3528.0
7389.987885298387,13022.37887059415,31285.224820046693,0.0,0.387,0.0,0.294,0.0,0.087,21.0,3528.0
6950.588660297731,13372.888137433752,32098.36591458814,0.0,0.353,0.0,0.239,0.0,0.131,21.0,3528.0
6512.199548457996,14134.513460768223,33481.21083188905,0.039,0.31,0.038,0.14800000000000002,0.011000000000000001,0.196,21.0,3528.0
6389.975855986549,14368.859714101905,33188.27801522195,0.22899999999999998,0.10300000000000001,0.23199999999999998,0.062,0.184,0.187,21.0,3528.0
6576.846790756943,13666.831067261777,33062.01387010682,0.462,0.05,0.442,0.086,0.40399999999999997,0.049,21.0,3528.0
7186.955139953256,12950.660836168754,33766.06274326879,0.626,0.047,0.591,0.11900000000000001,0.575,0.004,21.0,3528.0
7943.52989748312,12678.940395880993,34418.59584522378,0.7290000000000001,0.023,0.685,0.114,0.691,0.015,21.0,3528.0
8265.755995816935,12856.720312203097,35047.896344477595,0.774,0.02,0.732,0.099,0.746,0.028999999999999998,21.0,3528.0
8579.901188863381,13539.556808985726,34899.409709822205,0.763,0.024,0.7290000000000001,0.084,0.757,0.048,21.0,3528.0
8631.416960070354,14115.321310710722,34513.546482350364,0.7040000000000001,0.034,0.6809999999999999,0.064,0.718,0.063,21.0,3528.0
9210.211801278114,14407.244014216905,34291.321586947735,0.5870000000000001,0.047,0.585,0.04,0.629,0.065,21.0,3528.0
9658.702044727059,15062.807455654665,33889.296548901155,0.423,0.07,0.44,0.021,0.486,0.057999999999999996,21.0,3528.0
9581.93344449706,15243.617711459534,33677.17278510774,0.213,0.109,0.247,0.012,0.292,0.049,21.0,3528.0
9105.160032542326,14778.96565743585,32736.75743229024,0.027000000000000003,0.18600000000000003,0.049,0.013999999999999999,0.083,0.040999999999999995,21.0,3528.0
8411.212290989566,13779.963741284935,33920.61005688971,0.0,0.284,0.0,0.05,0.0,0.03,21.0,3528.0
8263.735769495093,14153.705610825722,35270.12123988023,0.0,0.391,0.0,0.132,0.0,0.022000000000000002,21.0,3528.0
8461.717949035617,15760.79564985111,35522.64953011049,0.0,0.491,0.0,0.20600000000000002,0.0,0.022000000000000002,21.0,3528.0
8673.841712829038,15523.419057034664,35057.997476086806,0.0,0.5760000000000001,0.0,0.22899999999999998,0.0,0.02,21.0,3528.0
9400.113075531272,15594.126978299137,34462.03071114339,0.0,0.639,0.0,0.20800000000000002,0.0,0.024,21.0,3528.0
9819.310037313506,16211.306119621897,33904.44824631497,0.0,0.66,0.0,0.171,0.0,0.055999999999999994,21.0,3528.0
9624.358197255744,15255.739069390585,32996.35651464695,0.0,0.636,0.0,0.156,0.0,0.092,21.0,3528.0
9216.27248024364,15529.47973600019,32364.025675910372,0.0,0.568,0.0,0.16699999999999998,0.0,0.09699999999999999,21.0,3528.0
8271.816674782462,15153.71764013756,31791.29151366814,0.0,0.431,0.0,0.177,0.0,0.087,21.0,3528.0
6726.343538573257,14225.423645251118,31309.4675359088,0.0,0.28300000000000003,0.0,0.168,0.0,0.092,21.0,3528.0
6382.905063860101,13485.01069829599,31285.224820046693,0.0,0.223,0.0,0.14,0.0,0.1,21.0,3528.0
6032.395797020497,13677.94231203191,32098.36591458814,0.0,0.203,0.0,0.099,0.0,0.09699999999999999,21.0,3528.0
5882.899049204183,14386.031637837563,32709.484376945373,0.079,0.138,0.053,0.05,0.006999999999999999,0.087,21.0,3528.0
5868.757464951288,14459.7698985848,32190.286212231953,0.304,0.023,0.272,0.018000000000000002,0.075,0.11,21.0,3528.0
5960.677762595104,14245.625908469538,32123.618743611165,0.494,0.002,0.47100000000000003,0.042,0.161,0.14800000000000002,21.0,3528.0
6371.7938190899695,13448.646624502831,32385.238052289715,0.6409999999999999,0.001,0.616,0.009000000000000001,0.275,0.121,21.0,3528.0
6967.760584033388,13193.087994789807,32560.99774228998,0.733,0.005,0.7090000000000001,0.002,0.342,0.038,21.0,3528.0
7342.512566735097,13507.233187836251,33020.599230509055,0.772,0.05,0.7509999999999999,0.002,0.439,0.022000000000000002,21.0,3528.0
7494.0295408732545,12954.701288812439,32920.59802757787,0.759,0.07200000000000001,0.745,0.004,0.516,0.057,21.0,3528.0
7356.654150987992,13362.787005824543,33014.53855154353,0.6809999999999999,0.055999999999999994,0.695,0.005,0.425,0.147,21.0,3528.0
7782.921904896673,13715.316498985987,33379.189402636024,0.56,0.092,0.597,0.006999999999999999,0.287,0.152,21.0,3528.0
8149.592982311015,14611.286872722958,33547.878300509845,0.391,0.171,0.45,0.01,0.239,0.008,21.0,3528.0
8212.21999828812,14989.06919490743,33251.91514435998,0.11699999999999999,0.223,0.255,0.015,0.201,0.002,21.0,3528.0
8004.136687138383,14146.634818699275,33142.8229229805,0.01,0.317,0.053,0.027999999999999997,0.07400000000000001,0.005,21.0,3528.0
7659.6880992643055,13412.282550709673,32230.690738668796,0.0,0.39899999999999997,0.0,0.062,0.0,0.044000000000000004,21.0,3528.0
7516.252030413517,13525.415224732831,33050.90262533668,0.0,0.289,0.0,0.11,0.0,0.11199999999999999,21.0,3528.0
7600.091422769964,15265.840200999797,33875.15496464826,0.0,0.204,0.0,0.22399999999999998,0.0,0.17800000000000002,21.0,3528.0
7689.991494091937,15391.094232954007,33454.94788970511,0.0,0.312,0.0,0.478,0.0,0.244,21.0,3528.0
8183.936829782329,15897.16092657545,33313.53204717616,0.0,0.527,0.0,0.693,0.0,0.33,21.0,3528.0
8386.969575127461,15892.110360770846,32815.546258842085,0.0,0.6729999999999999,0.0,0.775,0.0,0.42,21.0,3528.0
2923.2674877055124,15308.26495375848,32022.60742751906,0.0,0.21,0.0,0.495,0.0,0.013999999999999999,17.0,2856.0
2643.466142130382,14693.106038757562,31421.590096771037,0.0,0.215,0.0,0.402,0.0,0.005,17.0,2856.0
2500.0300732795936,14430.47661691809,31208.456219816693,0.0,0.18899999999999997,0.0,0.305,0.0,0.001,17.0,2856.0
2441.4435099461725,13840.570530940198,31047.848227230246,0.0,0.161,0.0,0.23800000000000002,0.0,0.0,17.0,2856.0
2533.363807589988,12739.547185536256,31286.234933207616,0.0,0.14300000000000002,0.0,0.214,0.0,0.0,17.0,2856.0
3003.0664274182755,13774.91317548033,32440.794276140372,0.0,0.125,0.0,0.20800000000000002,0.0,0.0,17.0,2856.0
4102.0695465003755,17001.214611462157,34491.3239928101,0.002,0.102,0.006,0.188,0.0,0.006999999999999999,17.0,2856.0
5083.8995389156335,19149.725304741227,35298.40440838602,0.158,0.07,0.16899999999999998,0.079,0.092,0.05,17.0,2856.0
5507.136953341553,18799.21603790162,34570.112819361944,0.39399999999999996,0.018000000000000002,0.39299999999999996,0.081,0.34600000000000003,0.07200000000000001,17.0,2856.0
5681.886530180895,17452.735194393867,34889.30857821299,0.56,0.026000000000000002,0.46399999999999997,0.16699999999999998,0.545,0.039,17.0,2856.0
5866.7372386294455,16296.155625139265,35997.40271574338,0.655,0.053,0.423,0.106,0.6679999999999999,0.01,17.0,2856.0
5635.421324778526,15252.708729907823,36496.39861723838,0.636,0.049,0.37,0.064,0.736,0.001,17.0,2856.0
5257.639002594055,14763.813960022035,35939.82626557088,0.627,0.043,0.39399999999999996,0.042,0.745,0.0,17.0,2856.0
4630.3587296620835,13770.872722836646,35662.04514631759,0.56,0.055999999999999994,0.5329999999999999,0.032,0.7020000000000001,0.0,17.0,2856.0
4497.023792420505,13447.63651134191,35925.68468131799,0.42,0.09,0.579,0.036000000000000004,0.607,0.0,17.0,2856.0
4371.769760466295,13653.699596169803,35615.579940915224,0.22899999999999998,0.09300000000000001,0.425,0.055999999999999994,0.469,0.0,17.0,2856.0
4338.4360261559,14078.957236917566,35378.20334809878,0.068,0.087,0.207,0.10300000000000001,0.263,0.0,17.0,2856.0
4481.872095006689,14260.777605883353,34676.17470125865,0.0,0.064,0.006,0.2,0.016,0.0,17.0,2856.0
4864.704982995767,14465.830577550327,33140.80269665866,0.0,0.04,0.0,0.308,0.0,0.0,17.0,2856.0
4953.594941156819,15445.640343643743,34167.077668154445,0.0,0.028999999999999998,0.0,0.391,0.0,0.002,17.0,2856.0
4630.3587296620835,14617.347551688483,32932.71938550892,0.0,0.034,0.0,0.45,0.0,0.015,17.0,2856.0
4179.848259891296,14151.68538450388,32505.44151843932,0.0,0.043,0.0,0.475,0.0,0.042,17.0,2856.0
3774.792882361956,15183.01092180427,31957.960185220112,0.0,0.045,0.0,0.46,0.0,0.049,17.0,2856.0
3293.9790177635373,15664.83489956361,31628.663294759852,0.0,0.040999999999999995,0.0,0.39899999999999997,0.0,0.040999999999999995,17.0,2856.0
2832.357303222618,15079.979379390323,32069.072632921427,0.0,0.035,0.0,0.341,0.0,0.037000000000000005,17.0,2856.0
2556.596410291172,14533.508159332037,31614.521710506957,0.0,0.024,0.0,0.335,0.0,0.028999999999999998,17.0,2856.0
2408.109775635778,14298.151792837432,31303.406856943275,0.0,0.018000000000000002,0.0,0.32299999999999995,0.0,0.026000000000000002,17.0,2856.0
2325.280496440252,13634.507446112304,31092.293206310773,0.0,0.012,0.0,0.258,0.0,0.040999999999999995,17.0,2856.0
2395.9884177047256,12496.109913754282,31361.993420276693,0.0,0.003,0.0,0.179,0.0,0.073,17.0,2856.0
2723.2650818431453,13380.96904272112,32646.857360968268,0.0,0.001,0.0,0.124,0.0,0.125,17.0,2856.0
3367.7172785107737,16990.103366692027,34270.10921056839,0.001,0.0,0.008,0.099,0.0,0.187,17.0,2856.0
4320.253989259321,19241.64560238504,35181.23128171918,0.077,0.0,0.2,0.053,0.095,0.22699999999999998,17.0,2856.0
5088.950104720239,19182.0489258907,34160.006876028,0.237,0.0,0.43700000000000006,0.131,0.35,0.13699999999999998,17.0,2856.0
5574.814535123263,18346.685341808992,35022.64351545457,0.484,0.0,0.603,0.205,0.544,0.063,17.0,2856.0
5877.848483399577,16737.575076461762,35184.26162120194,0.5760000000000001,0.0,0.7040000000000001,0.14400000000000002,0.6629999999999999,0.043,17.0,2856.0
5780.877619951157,15631.501165253216,35188.302073845625,0.575,0.0,0.753,0.095,0.73,0.013000000000000001,17.0,2856.0
5445.520050525369,14862.805049792298,35203.45377125944,0.603,0.0,0.7509999999999999,0.066,0.745,0.002,17.0,2856.0
4747.531856328925,13896.126754790856,34280.210342177605,0.5660000000000001,0.0,0.6990000000000001,0.049,0.711,0.0,17.0,2856.0
4446.5181343744525,13335.513950479673,34593.345422063125,0.415,0.0,0.594,0.045,0.631,0.0,17.0,2856.0
4201.0606362706385,13748.650233296383,34244.85638154537,0.23399999999999999,0.0,0.431,0.054000000000000006,0.484,0.0,17.0,2856.0
4127.322375523401,14055.724634216382,33971.11571493576,0.062,0.004,0.20600000000000002,0.08199999999999999,0.272,0.0,17.0,2856.0
4199.040409948796,13623.396201342173,33064.03409642866,0.0,0.033,0.005,0.134,0.018000000000000002,0.006,17.0,2856.0
4663.6924639724775,14085.01791588309,31545.834015564324,0.0,0.107,0.0,0.191,0.0,0.033,17.0,2856.0
4799.047627535899,15183.01092180427,31957.960185220112,0.0,0.192,0.0,0.247,0.0,0.087,17.0,2856.0
4447.528247535373,13985.016712951907,31551.894694529852,0.0,0.231,0.0,0.295,0.0,0.14800000000000002,17.0,2856.0
4035.402077879586,13541.577035307568,31605.430692058668,0.0,0.235,0.0,0.341,0.0,0.212,17.0,2856.0
3628.326474028404,14556.740762033221,31516.540733897615,0.0,0.257,0.0,0.39,0.0,0.28,17.0,2856.0
3164.6845331656427,14931.49274473493,31437.751907345773,0.0,0.299,0.0,0.42700000000000005,0.0,0.33,17.0,2856.0
2727.3055344868294,14486.032840768747,31566.036278782747,0.0,0.33,0.0,0.457,0.0,0.38,17.0,2856.0
2510.131204888804,14030.471805193354,30928.654874241565,0.0,0.316,0.0,0.465,0.0,0.46299999999999997,17.0,2856.0
2380.83672029091,13587.032127549015,30783.198579068932,0.0,0.249,0.0,0.45299999999999996,0.0,0.545,17.0,2856.0
2331.3411754057784,13045.611473295334,30676.1265840113,0.0,0.16899999999999998,0.0,0.428,0.0,0.5870000000000001,17.0,2856.0
2410.13000195762,11938.527448925865,30806.431181770116,0.0,0.132,0.0,0.39299999999999996,0.0,0.59,17.0,2856.0
2971.7529194297226,12997.126041571122,32073.11308556511,0.0,0.126,0.0,0.39299999999999996,0.0,0.568,17.0,2856.0
4278.839349661559,16357.772527955449,33889.296548901155,0.001,0.11599999999999999,0.006,0.373,0.0,0.534,17.0,2856.0
5222.285041961817,17361.825009910972,34944.864802063654,0.113,0.069,0.162,0.386,0.055999999999999994,0.483,17.0,2856.0
5461.681861100105,15274.931219448086,34734.761264592074,0.317,0.009000000000000001,0.408,0.581,0.248,0.25,17.0,2856.0
5636.431437939447,14589.064383182695,34667.083682810364,0.48100000000000004,0.001,0.5770000000000001,0.5529999999999999,0.467,0.08,17.0,2856.0
5801.079883169577,14669.873436056378,36061.03984488141,0.596,0.0,0.6829999999999999,0.451,0.61,0.083,17.0,2856.0
5562.693177192211,14747.652149447298,39001.47925632258,0.593,0.0,0.731,0.37,0.631,0.061,17.0,2856.0
5328.346923858528,15192.10194025256,37215.599187814165,0.523,0.001,0.7190000000000001,0.318,0.595,0.025,17.0,2856.0
4748.5419694898455,14389.061977320327,35410.526969248254,0.395,0.005,0.662,0.278,0.504,0.006999999999999999,17.0,2856.0
4646.52054023682,14237.54500318217,36699.43136258351,0.302,0.013000000000000001,0.5329999999999999,0.243,0.409,0.001,17.0,2856.0
4568.7418268459,14189.05957145796,36600.44027281325,0.195,0.034,0.355,0.214,0.316,0.0,17.0,2856.0
4514.195716156163,14476.941822320458,34328.69577390181,0.057,0.102,0.131,0.198,0.18,0.0,17.0,2856.0
4656.621671846031,14746.642036286377,33700.40538780892,0.0,0.218,0.003,0.22,0.01,0.009000000000000001,17.0,2856.0
5090.970331042081,15072.908587263877,32916.55757493419,0.0,0.297,0.0,0.273,0.0,0.065,17.0,2856.0
5132.384970639844,16139.588085196503,33644.849163958264,0.0,0.297,0.0,0.33799999999999997,0.0,0.17300000000000001,17.0,2856.0
4725.3093667886615,14596.135175309142,32741.807998094846,0.0,0.301,0.0,0.402,0.0,0.28,17.0,2856.0
4216.212333684453,13773.903062319408,32119.578290967478,0.0,0.335,0.0,0.467,0.0,0.365,17.0,2856.0
3756.6108454653768,14840.582560252034,31677.14872648406,0.0,0.375,0.0,0.534,0.0,0.42,17.0,2856.0
3259.6351702922216,15131.495150597297,31057.949358839458,0.0,0.402,0.0,0.573,0.0,0.442,17.0,2856.0
2848.5191137973547,14356.738356170854,30940.77623217262,0.0,0.375,0.0,0.569,0.0,0.425,17.0,2856.0
2617.203199946435,13866.833473124145,30542.791646769725,0.0,0.284,0.0,0.509,0.0,0.387,17.0,2856.0
2474.7772442565674,13528.445564215594,30232.686906366962,0.0,0.166,0.0,0.38299999999999995,0.0,0.35,17.0,2856.0
2420.2311335668305,12922.377667662966,30180.16102199907,0.0,0.061,0.0,0.295,0.0,0.322,17.0,2856.0
2508.110978566962,11946.608354213233,30591.277078493935,0.0,0.006,0.0,0.259,0.0,0.29,17.0,2856.0
3033.3698222459066,13177.93629737599,31917.55565878327,0.0,0.0,0.0,0.239,0.0,0.259,17.0,2856.0
4318.23376293748,16798.181866117025,34445.868900568654,0.001,0.001,0.004,0.21100000000000002,0.0,0.23800000000000002,17.0,2856.0
5312.185113283791,17967.8929064636,36309.52768246799,0.10400000000000001,0.013000000000000001,0.134,0.121,0.033,0.22,17.0,2856.0
5546.531366617473,16268.882569794398,36168.11183993904,0.28800000000000003,0.008,0.379,0.37799999999999995,0.159,0.14,17.0,2856.0
5652.593248514184,16425.450109737158,36264.07259022654,0.436,0.009000000000000001,0.555,0.562,0.312,0.078,17.0,2856.0
5783.90795943392,15471.90328582769,36734.78532321575,0.506,0.032,0.665,0.46799999999999997,0.457,0.021,17.0,2856.0
5629.360645813,15005.231005482166,37413.581367354695,0.503,0.039,0.721,0.355,0.541,0.015,17.0,2856.0
5294.003076387212,14314.313603412169,37160.04296396351,0.466,0.043,0.72,0.259,0.5429999999999999,0.032,17.0,2856.0
4662.682350811557,14002.188636687566,36802.46290499746,0.391,0.040999999999999995,0.6679999999999999,0.185,0.467,0.073,17.0,2856.0
4677.8340482253725,13537.536582663883,38434.80577304587,0.249,0.047,0.55,0.124,0.34,0.11800000000000001,17.0,2856.0
4613.186805926425,13688.04344364112,38736.829608161264,0.13699999999999998,0.073,0.38299999999999995,0.081,0.188,0.198,17.0,2856.0
4570.762053167741,14209.261834676381,38191.368501263896,0.037000000000000005,0.184,0.166,0.062,0.069,0.44299999999999995,17.0,2856.0
4693.995858800109,14592.094722665457,36530.74246470969,0.0,0.365,0.004,0.055999999999999994,0.002,0.748,17.0,2856.0
5035.414107191424,14620.377891171247,34549.91055614352,0.0,0.488,0.0,0.073,0.0,0.8420000000000001,17.0,2856.0
5173.799610237607,15884.029455483478,35451.94160884602,0.0,0.523,0.0,0.113,0.0,0.833,17.0,2856.0
4808.138645984188,14583.003704217168,34413.54527941918,0.0,0.473,0.0,0.177,0.0,0.78,17.0,2856.0
4244.495502190243,13792.085099215987,33817.57851447576,0.0,0.379,0.0,0.253,0.0,0.6920000000000001,17.0,2856.0
3813.1771824769557,14790.076902205983,33302.42080240603,0.0,0.322,0.0,0.313,0.0,0.603,17.0,2856.0
3312.161054660116,15192.10194025256,33170.09597832537,0.0,0.314,0.0,0.35200000000000004,0.0,0.5670000000000001,17.0,2856.0
2859.6303585674864,14648.661059677035,33167.06563884261,0.0,0.308,0.0,0.35600000000000004,0.0,0.556,17.0,2856.0
2601.041389371698,14034.51225783704,32618.574192462478,0.0,0.27399999999999997,0.0,0.33,0.0,0.564,17.0,2856.0
2468.7165652910408,13510.263527319015,32386.248165450637,0.0,0.242,0.0,0.3,0.0,0.5760000000000001,17.0,2856.0
2422.2513598886726,12965.81253358257,32064.02206711682,0.0,0.23199999999999998,0.0,0.281,0.0,0.5770000000000001,17.0,2856.0
2515.1817706934094,12109.236573121521,32398.36952338169,0.0,0.253,0.0,0.29,0.0,0.5589999999999999,17.0,2856.0
3073.7743486827485,13257.735237088753,33765.052630107864,0.0,0.28800000000000003,0.0,0.322,0.0,0.516,17.0,2856.0
4307.122518167348,17082.02366433584,36223.6680637897,0.0,0.36200000000000004,0.004,0.349,0.0,0.475,17.0,2856.0
5262.6895683986595,17846.679327153073,38473.19007316087,0.033,0.355,0.125,0.23800000000000002,0.034,0.39299999999999996,17.0,2856.0
5521.278537594448,16657.776136749002,38340.86524908021,0.13,0.212,0.35200000000000004,0.27699999999999997,0.175,0.303,17.0,2856.0
5645.522456387736,15277.961558930849,37573.179246780215,0.237,0.248,0.5429999999999999,0.39899999999999997,0.32799999999999996,0.45399999999999996,17.0,2856.0
5753.6045646062885,15637.561844218742,38143.89318270061,0.33299999999999996,0.354,0.6659999999999999,0.41100000000000003,0.486,0.414,17.0,2856.0
5635.421324778526,15655.74388111532,39227.74460436889,0.41,0.41,0.721,0.381,0.58,0.255,17.0,2856.0
4937.4331305820815,15099.171529447824,38850.97239534534,0.451,0.42100000000000004,0.722,0.335,0.637,0.138,17.0,2856.0
4205.101088914323,14161.78651611309,38374.198983390605,0.45,0.414,0.67,0.27399999999999997,0.594,0.08199999999999999,17.0,2856.0
4731.370045754188,13792.085099215987,38596.42387879324,0.34299999999999997,0.414,0.546,0.20600000000000002,0.512,0.07200000000000001,17.0,2856.0
4674.803708742609,14071.886444791118,38222.68200925245,0.207,0.434,0.377,0.15,0.353,0.09,17.0,2856.0
4661.672237650636,14398.152995768616,37613.58377321706,0.052000000000000005,0.494,0.153,0.135,0.154,0.136,17.0,2856.0
4808.138645984188,14431.48673007901,35956.99818930654,0.0,0.615,0.003,0.163,0.006,0.245,17.0,2856.0
5107.1321416168175,14298.151792837432,34676.17470125865,0.0,0.68,0.0,0.237,0.0,0.365,17.0,2856.0
5247.537870984844,15637.561844218742,35688.308088501544,0.0,0.696,0.0,0.33,0.0,0.391,17.0,2856.0
4853.593738225635,14598.155401630984,34792.33771476457,0.0,0.693,0.0,0.433,0.0,0.39899999999999997,17.0,2856.0
4334.395573512216,13782.994080767698,34213.54287355681,0.0,0.677,0.0,0.516,0.0,0.43200000000000005,17.0,2856.0
3927.319969661034,14930.482631574008,33746.870593211286,0.0,0.6509999999999999,0.0,0.563,0.0,0.491,17.0,2856.0
3410.1420312694577,15499.176341172559,33814.548174993,0.0,0.615,0.0,0.5870000000000001,0.0,0.501,17.0,2856.0
2987.9147300044597,14807.24882594164,33909.49881211958,0.0,0.636,0.0,0.584,0.0,0.473,17.0,2856.0
2702.0527054638032,14128.452781802696,33311.51182085431,0.0,0.6759999999999999,0.0,0.542,0.0,0.479,17.0,2856.0
2565.6874287394617,13765.82215703204,32709.484376945373,0.0,0.624,0.0,0.46799999999999997,0.0,0.479,17.0,2856.0
2502.0502996014357,13291.068971399147,32582.210118669318,0.0,0.531,0.0,0.38,0.0,0.489,17.0,2856.0
2571.748107704988,12423.381766167968,32579.179779186557,0.0,0.439,0.0,0.314,0.0,0.494,17.0,2856.0
3084.88559345288,13609.254617089278,34057.98544677497,0.0,0.435,0.0,0.268,0.0,0.47100000000000003,17.0,2856.0
4265.707878569585,17355.764330945443,36459.0244302843,0.0,0.439,0.001,0.231,0.0,0.43200000000000005,17.0,2856.0
5183.900741846817,19075.987043993988,38168.135898562716,0.109,0.261,0.092,0.111,0.035,0.341,17.0,2856.0
5353.599752881553,19073.966817672146,38201.46963287311,0.312,0.092,0.326,0.162,0.16399999999999998,0.154,17.0,2856.0
5513.197632307079,17723.445521520705,38319.65287270087,0.457,0.25,0.5489999999999999,0.355,0.324,0.107,17.0,2856.0
5696.028114433789,16234.538722323081,38823.69934000047,0.424,0.27699999999999997,0.669,0.322,0.47100000000000003,0.174,17.0,2856.0
5517.238084950764,14893.10844461993,40120.6846386231,0.408,0.244,0.7140000000000001,0.266,0.581,0.08,17.0,2856.0
5316.225565927475,14076.937010595722,40046.946377875865,0.40700000000000003,0.237,0.718,0.20199999999999999,0.628,0.037000000000000005,17.0,2856.0
4737.430724719715,13344.604968927963,39349.96829684034,0.369,0.225,0.6729999999999999,0.14,0.629,0.022000000000000002,17.0,2856.0
4777.835251156556,13377.938703238358,39237.8457359781,0.22399999999999998,0.21100000000000002,0.57,0.091,0.568,0.017,17.0,2856.0
4740.461064202477,13745.619893813619,39422.696444426656,0.069,0.192,0.406,0.06,0.435,0.013000000000000001,17.0,2856.0
4726.319479949583,14018.350447262303,38952.99382459837,0.009000000000000001,0.185,0.187,0.049,0.22899999999999998,0.013999999999999999,17.0,2856.0
4862.684756673924,14221.383192607433,36947.91920017009,0.0,0.182,0.004,0.051,0.011000000000000001,0.026000000000000002,17.0,2856.0
5208.143457708923,14305.22258496388,34999.41091275339,0.0,0.16,0.0,0.07200000000000001,0.0,0.043,17.0,2856.0
5304.104207996423,15843.624929046635,35800.43064936378,0.0,0.142,0.0,0.106,0.0,0.055999999999999994,17.0,2856.0
4876.826340926819,14710.27796249322,34859.005183385365,0.0,0.15,0.0,0.16399999999999998,0.0,0.065,17.0,2856.0
4307.122518167348,14072.896557952039,34090.30906792444,0.0,0.18100000000000002,0.0,0.23800000000000002,0.0,0.075,17.0,2856.0
3882.874990580508,15109.272661057033,33876.16507780918,0.0,0.22399999999999998,0.0,0.297,0.0,0.081,17.0,2856.0
3410.1420312694577,15500.18645433348,33582.222147981156,0.0,0.28,0.0,0.332,0.0,0.096,17.0,2856.0
2975.7933720734068,15047.65575824085,33528.68615045234,0.0,0.336,0.0,0.34600000000000003,0.0,0.11900000000000001,17.0,2856.0
2730.3358739695923,14581.993591056247,33037.771154244714,0.0,0.376,0.0,0.34,0.0,0.152,17.0,2856.0
2614.172860463672,14278.959642779933,32747.86867706037,0.0,0.39799999999999996,0.0,0.314,0.0,0.177,17.0,2856.0
2536.3941470727514,13808.246909790725,32674.130416313135,0.0,0.377,0.0,0.27899999999999997,0.0,0.2,17.0,2856.0
2634.3751236820926,12890.05404651349,33054.94307798037,0.0,0.326,0.0,0.26899999999999996,0.0,0.222,17.0,2856.0
3173.7755516139323,14017.340334101382,34366.06996085589,0.0,0.262,0.0,0.284,0.0,0.233,17.0,2856.0
4374.800099949059,17299.197993933867,36835.79663930785,0.0,0.184,0.003,0.28800000000000003,0.0,0.242,17.0,2856.0
5245.517644663001,18321.432512785967,38232.78314086166,0.10099999999999999,0.07400000000000001,0.13699999999999998,0.179,0.08199999999999999,0.25,17.0,2856.0
5482.894237479448,17186.065319910707,37804.49516063114,0.308,0.009000000000000001,0.39399999999999996,0.331,0.33899999999999997,0.14300000000000002,17.0,2856.0
5640.471890583131,16731.514397496238,37684.29169448153,0.486,0.001,0.5670000000000001,0.534,0.541,0.065,17.0,2856.0
5877.848483399577,15855.746286977688,38562.08003132192,0.59,0.002,0.674,0.461,0.6629999999999999,0.073,17.0,2856.0
5781.8877331120775,15783.018139391374,39189.360304253896,0.609,0.003,0.727,0.36700000000000005,0.711,0.07400000000000001,17.0,2856.0
5599.057250985368,15257.759295712427,39234.81539649534,0.579,0.003,0.7240000000000001,0.285,0.725,0.099,17.0,2856.0
4936.423017421161,14779.975770596773,37878.233421378376,0.465,0.002,0.67,0.226,0.687,0.13699999999999998,17.0,2856.0
4921.271320007345,14114.311197549801,37908.536816206004,0.298,0.002,0.563,0.17600000000000002,0.625,0.147,17.0,2856.0
4877.83645408774,13816.327815078093,38206.52019867772,0.14800000000000002,0.001,0.39899999999999997,0.132,0.478,0.125,17.0,2856.0
4855.613964547477,14772.904978470326,37518.63313609048,0.032,0.001,0.179,0.106,0.265,0.126,17.0,2856.0
4971.776978053397,15159.778319103087,35950.93751034101,0.0,0.0,0.004,0.09,0.013000000000000001,0.174,17.0,2856.0
5345.518847594185,15063.817568815586,34101.42031269457,0.0,0.0,0.0,0.09699999999999999,0.0,0.207,17.0,2856.0
5349.559300237869,15788.068705195978,35279.212258328516,0.0,0.003,0.0,0.13,0.0,0.221,17.0,2856.0
4886.927472536029,14642.60038071151,34169.09789447628,0.0,0.022000000000000002,0.0,0.18899999999999997,0.0,0.231,17.0,2856.0
4323.284328742085,14478.9620486423,33676.16267194681,0.0,0.084,0.0,0.282,0.0,0.251,17.0,2856.0
3983.8863066726126,15472.91339898861,33318.58261298076,0.0,0.20800000000000002,0.0,0.389,0.0,0.271,17.0,2856.0
3473.7791604074837,15760.79564985111,33221.61174953234,0.0,0.348,0.0,0.456,0.0,0.292,17.0,2856.0
8656.0,15747.0,36216.0,0.0,0.573,0.0,0.486,0.0,0.013000000000000001,1.0,168.0
8370.0,15418.0,36080.0,0.0,0.5479999999999999,0.0,0.424,0.0,0.015,1.0,168.0
7956.0,14802.0,35175.0,0.0,0.52,0.0,0.376,0.0,0.008,1.0,168.0
7508.0,13874.0,34769.0,0.0,0.508,0.0,0.345,0.0,0.004,1.0,168.0
7195.0,13582.0,34681.0,0.0,0.49,0.0,0.316,0.0,0.004,1.0,168.0
6776.0,14269.0,35258.0,0.0,0.47600000000000003,0.0,0.289,0.0,0.008,1.0,168.0
6604.0,14800.0,35996.0,0.049,0.433,0.04,0.23800000000000002,0.005,0.018000000000000002,1.0,168.0
6290.0,15481.0,35859.0,0.285,0.171,0.273,0.249,0.19399999999999998,0.03,1.0,168.0
6328.0,14873.0,35678.0,0.502,0.156,0.483,0.19,0.426,0.012,1.0,168.0
6716.0,14030.0,35808.0,0.655,0.261,0.637,0.124,0.603,0.018000000000000002,1.0,168.0
7365.0,13568.0,37165.0,0.752,0.24600000000000002,0.733,0.091,0.721,0.026000000000000002,1.0,168.0
7754.0,13554.0,37882.0,0.7809999999999999,0.252,0.7759999999999999,0.086,0.7759999999999999,0.043,1.0,168.0
8097.0,13530.0,38495.0,0.77,0.289,0.77,0.09699999999999999,0.785,0.057999999999999996,1.0,168.0
7958.0,13427.0,38445.0,0.708,0.341,0.715,0.113,0.743,0.068,1.0,168.0
8447.0,13825.0,38019.0,0.605,0.366,0.62,0.142,0.645,0.066,1.0,168.0
8757.0,14656.0,37262.0,0.431,0.37200000000000005,0.465,0.201,0.491,0.059000000000000004,1.0,168.0
8722.0,14937.0,36123.0,0.205,0.364,0.256,0.268,0.28,0.049,1.0,168.0
8318.0,14303.0,33819.0,0.015,0.41,0.043,0.354,0.059000000000000004,0.037000000000000005,1.0,168.0
7838.0,13355.0,32261.0,0.0,0.42700000000000005,0.0,0.498,0.0,0.015,1.0,168.0
7672.0,13935.0,32404.0,0.0,0.39899999999999997,0.0,0.598,0.0,0.002,1.0,168.0
7948.0,15661.0,32867.0,0.0,0.382,0.0,0.625,0.0,0.0,1.0,168.0
8172.0,15809.0,33739.0,0.0,0.395,0.0,0.638,0.0,0.0,1.0,168.0
8790.0,16363.0,34491.0,0.0,0.42700000000000005,0.0,0.611,0.0,0.0,1.0,168.0
9188.0,16773.0,35243.0,0.0,0.457,0.0,0.556,0.0,0.0,1.0,168.0
8971.0,16529.0,34626.0,0.0,0.48100000000000004,0.0,0.505,0.0,0.0,1.0,168.0
8726.0,16340.0,34592.0,0.0,0.512,0.0,0.45299999999999996,0.0,0.003,1.0,168.0
8461.0,15885.0,34129.0,0.0,0.484,0.0,0.408,0.0,0.005,1.0,168.0
8031.0,15208.0,33370.0,0.0,0.431,0.0,0.375,0.0,0.001,1.0,168.0
7613.0,14452.0,33300.0,0.0,0.387,0.0,0.375,0.0,0.0,1.0,168.0
7123.0,15123.0,34021.0,0.0,0.39,0.0,0.386,0.0,0.0,1.0,168.0
6586.0,15874.0,34130.0,0.059000000000000004,0.386,0.043,0.327,0.004,0.002,1.0,168.0
6413.0,15929.0,33367.0,0.305,0.17,0.282,0.445,0.171,0.013999999999999999,1.0,168.0
6277.0,14764.0,33212.0,0.52,0.12,0.493,0.445,0.40299999999999997,0.001,1.0,168.0
6368.0,14208.0,32815.0,0.667,0.34600000000000003,0.6459999999999999,0.248,0.5820000000000001,0.001,1.0,168.0
6690.0,13729.0,33719.0,0.76,0.353,0.742,0.107,0.703,0.005,1.0,168.0
7167.0,13913.0,34988.0,0.79,0.365,0.789,0.061,0.774,0.012,1.0,168.0
7584.0,14158.0,36150.0,0.779,0.401,0.784,0.057,0.784,0.022000000000000002,1.0,168.0
7856.0,14324.0,36376.0,0.718,0.429,0.732,0.068,0.743,0.03,1.0,168.0
8508.0,14479.0,37029.0,0.598,0.457,0.627,0.085,0.642,0.036000000000000004,1.0,168.0
8798.0,14704.0,37307.0,0.42700000000000005,0.465,0.47200000000000003,0.111,0.493,0.036000000000000004,1.0,168.0
8799.0,15022.0,36564.0,0.204,0.373,0.262,0.135,0.28800000000000003,0.032,1.0,168.0
8262.0,14579.0,35087.0,0.016,0.314,0.046,0.187,0.068,0.039,1.0,168.0
7798.0,13709.0,33739.0,0.0,0.253,0.0,0.303,0.0,0.043,1.0,168.0
7755.0,14036.0,33850.0,0.0,0.204,0.0,0.374,0.0,0.024,1.0,168.0
7989.0,15759.0,34803.0,0.0,0.16899999999999998,0.0,0.37,0.0,0.004,1.0,168.0
8450.0,15664.0,34913.0,0.0,0.152,0.0,0.349,0.0,0.0,1.0,168.0
9044.0,16606.0,35785.0,0.0,0.151,0.0,0.325,0.0,0.0,1.0,168.0
9378.0,17218.0,36685.0,0.0,0.133,0.0,0.29600000000000004,0.0,0.0,1.0,168.0
9330.0,16757.0,36088.0,0.0,0.126,0.0,0.314,0.0,0.002,1.0,168.0
9107.0,16711.0,35434.0,0.0,0.132,0.0,0.359,0.0,0.005,1.0,168.0
8822.0,16194.0,35122.0,0.0,0.11199999999999999,0.0,0.41,0.0,0.004,1.0,168.0
8512.0,15740.0,34789.0,0.0,0.078,0.0,0.46299999999999997,0.0,0.001,1.0,168.0
8280.0,15274.0,34652.0,0.0,0.043,0.0,0.512,0.0,0.001,1.0,168.0
7866.0,16209.0,34906.0,0.0,0.022000000000000002,0.0,0.541,0.0,0.001,1.0,168.0
7422.0,17230.0,35170.0,0.06,0.01,0.049,0.469,0.005,0.001,1.0,168.0
7196.0,17772.0,35108.0,0.302,0.004,0.29600000000000004,0.27899999999999997,0.174,0.002,1.0,168.0
7375.0,17053.0,35604.0,0.517,0.003,0.503,0.344,0.405,0.001,1.0,168.0
7974.0,16411.0,36380.0,0.662,0.052000000000000005,0.652,0.21899999999999997,0.58,0.001,1.0,168.0
8789.0,15705.0,37385.0,0.754,0.102,0.747,0.09300000000000001,0.6970000000000001,0.005,1.0,168.0
9243.0,15755.0,38264.0,0.778,0.129,0.7879999999999999,0.059000000000000004,0.76,0.02,1.0,168.0
9595.0,15442.0,39225.0,0.767,0.162,0.7829999999999999,0.065,0.768,0.021,1.0,168.0
9749.0,15344.0,38942.0,0.705,0.212,0.73,0.085,0.725,0.013000000000000001,1.0,168.0
10164.0,15311.0,39261.0,0.586,0.24,0.631,0.121,0.624,0.015,1.0,168.0
10245.0,15953.0,39258.0,0.415,0.226,0.475,0.18600000000000003,0.449,0.047,1.0,168.0
10178.0,16577.0,37866.0,0.196,0.188,0.268,0.272,0.22699999999999998,0.08800000000000001,1.0,168.0
9683.0,15635.0,35983.0,0.015,0.15,0.049,0.431,0.049,0.106,1.0,168.0
8836.0,14733.0,34411.0,0.0,0.133,0.0,0.628,0.0,0.085,1.0,168.0
8577.0,14583.0,34879.0,0.0,0.132,0.0,0.7170000000000001,0.0,0.055,1.0,168.0
8876.0,16386.0,34983.0,0.0,0.135,0.0,0.736,0.0,0.038,1.0,168.0
9260.0,16628.0,35438.0,0.0,0.128,0.0,0.7240000000000001,0.0,0.03,1.0,168.0
9898.0,17608.0,35433.0,0.0,0.12300000000000001,0.0,0.6990000000000001,0.0,0.023,1.0,168.0
10005.0,18313.0,35886.0,0.0,0.136,0.0,0.654,0.0,0.011000000000000001,1.0,168.0
9791.0,18110.0,35569.0,0.0,0.179,0.0,0.603,0.0,0.003,1.0,168.0
9582.0,17696.0,34903.0,0.0,0.214,0.0,0.569,0.0,0.002,1.0,168.0
9390.0,17223.0,34161.0,0.0,0.213,0.0,0.501,0.0,0.006999999999999999,1.0,168.0
9102.0,16232.0,33767.0,0.0,0.184,0.0,0.402,0.0,0.024,1.0,168.0
8769.0,15435.0,33622.0,0.0,0.155,0.0,0.322,0.0,0.046,1.0,168.0
8266.0,16504.0,34099.0,0.0,0.132,0.0,0.251,0.0,0.083,1.0,168.0
7794.0,17774.0,34799.0,0.027000000000000003,0.08900000000000001,0.045,0.16699999999999998,0.004,0.14,1.0,168.0
7525.0,17661.0,34785.0,0.166,0.016,0.276,0.034,0.152,0.142,1.0,168.0
7560.0,16558.0,35222.0,0.35600000000000004,0.0,0.48,0.028999999999999998,0.375,0.124,1.0,168.0
8065.0,15657.0,35813.0,0.5870000000000001,0.001,0.623,0.018000000000000002,0.56,0.10300000000000001,1.0,168.0
8893.0,15008.0,36643.0,0.691,0.002,0.713,0.019,0.6779999999999999,0.071,1.0,168.0
9402.0,15102.0,37454.0,0.736,0.003,0.753,0.03,0.713,0.07200000000000001,1.0,168.0
9695.0,15689.0,38249.0,0.728,0.008,0.748,0.043,0.7240000000000001,0.055999999999999994,1.0,168.0
9886.0,15704.0,38379.0,0.6629999999999999,0.018000000000000002,0.696,0.063,0.684,0.053,1.0,168.0
10425.0,16257.0,39304.0,0.513,0.024,0.5920000000000001,0.077,0.593,0.092,1.0,168.0
10600.0,16425.0,39025.0,0.304,0.026000000000000002,0.43799999999999994,0.08,0.442,0.142,1.0,168.0
10387.0,16397.0,38042.0,0.12,0.087,0.23399999999999999,0.078,0.243,0.23399999999999999,1.0,168.0
9860.0,15801.0,36631.0,0.008,0.44799999999999995,0.037000000000000005,0.109,0.054000000000000006,0.494,1.0,168.0
8988.0,14393.0,35135.0,0.0,0.764,0.0,0.147,0.0,0.8290000000000001,1.0,168.0
8870.0,14994.0,35036.0,0.0,0.8059999999999999,0.0,0.159,0.0,0.914,1.0,168.0
9062.0,17135.0,34759.0,0.0,0.7509999999999999,0.0,0.128,0.0,0.93,1.0,168.0
9061.0,17147.0,34787.0,0.0,0.706,0.0,0.098,0.0,0.9279999999999999,1.0,168.0
9549.0,18139.0,35147.0,0.0,0.698,0.0,0.10300000000000001,0.0,0.9179999999999999,1.0,168.0
9799.0,19011.0,35198.0,0.0,0.727,0.0,0.131,0.0,0.895,1.0,168.0
9690.0,18726.0,34843.0,0.0,0.75,0.0,0.17300000000000001,0.0,0.878,1.0,168.0
9346.0,18377.0,34094.0,0.0,0.7390000000000001,0.0,0.249,0.0,0.851,1.0,168.0
9031.0,17815.0,33306.0,0.0,0.674,0.0,0.349,0.0,0.785,1.0,168.0
8638.0,17118.0,32758.0,0.0,0.5760000000000001,0.0,0.408,0.0,0.701,1.0,168.0
8218.0,15745.0,32750.0,0.0,0.491,0.0,0.419,0.0,0.6409999999999999,1.0,168.0
7575.0,16568.0,33116.0,0.0,0.494,0.0,0.392,0.0,0.5920000000000001,1.0,168.0
6720.0,17343.0,33987.0,0.040999999999999995,0.496,0.042,0.32299999999999995,0.006,0.537,1.0,168.0
6307.0,17192.0,34102.0,0.21,0.249,0.264,0.11900000000000001,0.179,0.301,1.0,168.0
6384.0,16419.0,34626.0,0.38299999999999995,0.218,0.466,0.14300000000000002,0.41100000000000003,0.32,1.0,168.0
6821.0,14991.0,35326.0,0.56,0.341,0.615,0.087,0.59,0.31,1.0,168.0
7242.0,15036.0,36425.0,0.6729999999999999,0.268,0.708,0.026000000000000002,0.71,0.207,1.0,168.0
7538.0,14748.0,37292.0,0.728,0.239,0.752,0.004,0.767,0.139,1.0,168.0
7792.0,14707.0,37190.0,0.7340000000000001,0.27,0.747,0.001,0.778,0.1,1.0,168.0
7833.0,14656.0,37021.0,0.674,0.335,0.695,0.002,0.7390000000000001,0.085,1.0,168.0
8346.0,14636.0,37455.0,0.562,0.379,0.597,0.004,0.6409999999999999,0.075,1.0,168.0
8797.0,15213.0,37405.0,0.395,0.402,0.446,0.005,0.493,0.062,1.0,168.0
8890.0,15243.0,35868.0,0.185,0.423,0.244,0.006,0.29,0.040999999999999995,1.0,168.0
8502.0,14240.0,34616.0,0.016,0.524,0.042,0.008,0.07200000000000001,0.026000000000000002,1.0,168.0
8015.0,13092.0,34350.0,0.0,0.654,0.0,0.011000000000000001,0.0,0.031,1.0,168.0
7803.0,14113.0,34780.0,0.0,0.6940000000000001,0.0,0.016,0.0,0.049,1.0,168.0
7952.0,15777.0,35396.0,0.0,0.6659999999999999,0.0,0.027000000000000003,0.0,0.057,1.0,168.0
8121.0,15884.0,35519.0,0.0,0.608,0.0,0.057999999999999996,0.0,0.062,1.0,168.0
8814.0,16063.0,34411.0,0.0,0.556,0.0,0.192,0.0,0.081,1.0,168.0
9248.0,16642.0,35064.0,0.0,0.532,0.0,0.483,0.0,0.128,1.0,168.0
9063.0,17218.0,34327.0,0.0,0.521,0.0,0.706,0.0,0.188,1.0,168.0
8627.0,16657.0,33600.0,0.0,0.523,0.0,0.773,0.0,0.237,1.0,168.0
8196.0,15853.0,32996.0,0.0,0.484,0.0,0.78,0.0,0.304,1.0,168.0
7832.0,14924.0,32806.0,0.0,0.41,0.0,0.764,0.0,0.374,1.0,168.0
7460.0,13958.0,32473.0,0.0,0.36700000000000005,0.0,0.742,0.0,0.45299999999999996,1.0,168.0
7013.0,14456.0,33131.0,0.0,0.319,0.0,0.706,0.0,0.54,1.0,168.0
6629.0,15517.0,33968.0,0.071,0.272,0.045,0.579,0.006,0.614,1.0,168.0
6432.0,15811.0,34062.0,0.313,0.091,0.273,0.35200000000000004,0.17,0.526,1.0,168.0
6209.0,15380.0,34613.0,0.523,0.09,0.478,0.358,0.39,0.32299999999999995,1.0,168.0
6490.0,14941.0,35358.0,0.669,0.147,0.626,0.201,0.563,0.095,1.0,168.0
7130.0,14349.0,36265.0,0.7609999999999999,0.106,0.718,0.07400000000000001,0.6829999999999999,0.018000000000000002,1.0,168.0
7623.0,13952.0,36676.0,0.795,0.096,0.757,0.017,0.747,0.022000000000000002,1.0,168.0
7995.0,13237.0,36843.0,0.7829999999999999,0.1,0.7490000000000001,0.004,0.7390000000000001,0.044000000000000004,1.0,168.0
7952.0,12617.0,36084.0,0.723,0.10400000000000001,0.696,0.002,0.67,0.09699999999999999,1.0,168.0
8310.0,12378.0,35995.0,0.604,0.086,0.599,0.001,0.507,0.179,1.0,168.0
8616.0,12832.0,36546.0,0.435,0.064,0.449,0.001,0.34700000000000003,0.29,1.0,168.0
8506.0,13356.0,35961.0,0.215,0.053,0.247,0.001,0.17600000000000002,0.405,1.0,168.0
8225.0,13262.0,35347.0,0.021,0.038,0.043,0.001,0.037000000000000005,0.48,1.0,168.0
7775.0,12303.0,34537.0,0.0,0.006999999999999999,0.0,0.003,0.0,0.514,1.0,168.0
7522.0,12638.0,34400.0,0.0,0.001,0.0,0.017,0.0,0.545,1.0,168.0
7676.0,14393.0,35333.0,0.0,0.003,0.0,0.049,0.0,0.562,1.0,168.0
7761.0,14785.0,35340.0,0.0,0.033,0.0,0.14,0.0,0.547,1.0,168.0
8331.0,15747.0,35698.0,0.0,0.107,0.0,0.341,0.0,0.526,1.0,168.0
8716.0,15751.0,35560.0,0.0,0.21600000000000003,0.0,0.574,0.0,0.5479999999999999,1.0,168.0
8439.0,15310.0,34844.0,0.0,0.359,0.0,0.685,0.0,0.5870000000000001,1.0,168.0
8013.0,14995.0,33952.0,0.0,0.505,0.0,0.711,0.0,0.57,1.0,168.0
7626.0,14527.0,33290.0,0.0,0.636,0.0,0.696,0.0,0.486,1.0,168.0
7237.0,12960.0,33050.0,0.0,0.7390000000000001,0.0,0.672,0.0,0.332,1.0,168.0
6943.0,12564.0,33286.0,0.0,0.807,0.0,0.6409999999999999,0.0,0.17600000000000002,1.0,168.0
6543.0,13215.0,33990.0,0.0,0.84,0.0,0.599,0.0,0.08,1.0,168.0
6198.0,13376.0,34698.0,0.06,0.8,0.042,0.48100000000000004,0.006999999999999999,0.04,1.0,168.0
6219.0,12954.0,35025.0,0.27699999999999997,0.512,0.257,0.222,0.168,0.013999999999999999,1.0,168.0
6386.0,12577.0,35013.0,0.46,0.41600000000000004,0.46,0.16399999999999998,0.395,0.04,1.0,168.0
6970.0,12379.0,35255.0,0.589,0.85,0.609,0.05,0.58,0.063,1.0,168.0
7774.0,12613.0,35929.0,0.653,0.8420000000000001,0.701,0.001,0.705,0.08,1.0,168.0
8079.0,12336.0,36649.0,0.7170000000000001,0.82,0.75,0.0,0.754,0.12,1.0,168.0
8256.0,12615.0,37236.0,0.706,0.799,0.743,0.001,0.768,0.161,1.0,168.0
8179.0,13042.0,36800.0,0.545,0.758,0.691,0.003,0.731,0.171,1.0,168.0
8644.0,13509.0,36395.0,0.36700000000000005,0.6609999999999999,0.594,0.006999999999999999,0.613,0.168,1.0,168.0
8982.0,13872.0,36064.0,0.187,0.45299999999999996,0.445,0.011000000000000001,0.462,0.17300000000000001,1.0,168.0
8925.0,13878.0,35321.0,0.078,0.233,0.24600000000000002,0.013000000000000001,0.262,0.182,1.0,168.0
8556.0,13574.0,34163.0,0.004,0.149,0.044000000000000004,0.023,0.065,0.18899999999999997,1.0,168.0
7965.0,12895.0,33684.0,0.0,0.225,0.0,0.068,0.0,0.217,1.0,168.0
7781.0,13039.0,34422.0,0.0,0.512,0.0,0.16899999999999998,0.0,0.222,1.0,168.0
7900.0,14439.0,34718.0,0.0,0.701,0.0,0.355,0.0,0.22399999999999998,1.0,168.0
7958.0,14408.0,34757.0,0.0,0.768,0.0,0.608,0.0,0.222,1.0,168.0
8526.0,15160.0,34663.0,0.0,0.792,0.0,0.7120000000000001,0.0,0.235,1.0,168.0
8901.0,16041.0,34664.0,0.0,0.7879999999999999,0.0,0.731,0.0,0.254,1.0,168.0
